file_name,score
test-0000.mid,0.03
test-0001.mid,0.04
test-0002.mid,0.79
test-0003.mid,0.02
test-0004.mid,0.03
test-0005.mid,0.05
test-0006.mid,0.03
test-0007.mid,0.56
test-0008.mid,0.03
test-0009.mid,0.18
test-0010.mid,0.05
test-0011.mid,0.03
test-0012.mid,0.03
test-0013.mid,0.7
test-0014.mid,0.51
test-0015.mid,0.66
test-0016.mid,0.77
test-0017.mid,0.02
test-0018.mid,0.42
test-0019.mid,0.04
test-0020.mid,0.03
test-0021.mid,0.02
test-0022.mid,0.69
test-0023.mid,0.03
test-0024.mid,0.04
test-0025.mid,0.03
test-0026.mid,0.03
test-0027.mid,0.66
test-0028.mid,0.24
test-0029.mid,0.03
test-0030.mid,0.03
test-0031.mid,0.04
test-0032.mid,0.36
test-0033.mid,0.03
test-0034.mid,0.02
test-0035.mid,0.04
test-0036.mid,0.05
test-0037.mid,0.72
test-0038.mid,0.13
test-0039.mid,0.04
test-0040.mid,0.04
test-0041.mid,0.03
test-0042.mid,0.05
test-0043.mid,0.03
test-0044.mid,0.16
test-0045.mid,0.03
test-0046.mid,0.04
test-0047.mid,0.73
test-0048.mid,0.39
test-0049.mid,0.03
test-0050.mid,0.03
test-0051.mid,0.04
test-0052.mid,0.09
test-0053.mid,0.04
test-0054.mid,0.03
test-0055.mid,0.03
test-0056.mid,0.02
test-0057.mid,0.68
test-0058.mid,0.05
test-0059.mid,0.03
test-0060.mid,0.02
test-0061.mid,0.74
test-0062.mid,0.67
test-0063.mid,0.04
test-0064.mid,0.06
test-0065.mid,0.03
test-0066.mid,0.61
test-0067.mid,0.03
test-0068.mid,0.03
test-0069.mid,0.34
test-0070.mid,0.7
test-0071.mid,0.08
test-0072.mid,0.03
test-0073.mid,0.03
test-0074.mid,0.03
test-0075.mid,0.02
test-0076.mid,0.64
test-0077.mid,0.03
test-0078.mid,0.03
test-0079.mid,0.45
test-0080.mid,0.09
test-0081.mid,0.53
test-0082.mid,0.03
test-0083.mid,0.02
test-0084.mid,0.76
test-0085.mid,0.59
test-0086.mid,0.11
test-0087.mid,0.67
test-0088.mid,0.48
test-0089.mid,0.04
test-0090.mid,0.02
test-0091.mid,0.04
test-0092.mid,0.02
test-0093.mid,0.03
test-0094.mid,0.13
test-0095.mid,0.09
test-0096.mid,0.03
test-0097.mid,0.03
test-0098.mid,0.1
test-0099.mid,0.04
test-0100.mid,0.03
test-0101.mid,0.02
test-0102.mid,0.77
test-0103.mid,0.04
test-0104.mid,0.03
test-0105.mid,0.03
test-0106.mid,0.17
test-0107.mid,0.5
test-0108.mid,0.67
test-0109.mid,0.03
test-0110.mid,0.58
test-0111.mid,0.03
test-0112.mid,0.02
test-0113.mid,0.03
test-0114.mid,0.62
test-0115.mid,0.1
test-0116.mid,0.05
test-0117.mid,0.03
test-0118.mid,0.49
test-0119.mid,0.15
test-0120.mid,0.76
test-0121.mid,0.03
test-0122.mid,0.74
test-0123.mid,0.04
test-0124.mid,0.15
test-0125.mid,0.03
test-0126.mid,0.72
test-0127.mid,0.7
test-0128.mid,0.03
test-0129.mid,0.76
test-0130.mid,0.03
test-0131.mid,0.47
test-0132.mid,0.04
test-0133.mid,0.41
test-0134.mid,0.02
test-0135.mid,0.03
test-0136.mid,0.55
test-0137.mid,0.02
test-0138.mid,0.02
test-0139.mid,0.02
test-0140.mid,0.04
test-0141.mid,0.03
test-0142.mid,0.7
test-0143.mid,0.04
test-0144.mid,0.25
test-0145.mid,0.03
test-0146.mid,0.67
test-0147.mid,0.49
test-0148.mid,0.18
test-0149.mid,0.54
test-0150.mid,0.02
test-0151.mid,0.02
test-0152.mid,0.78
test-0153.mid,0.03
test-0154.mid,0.54
test-0155.mid,0.06
test-0156.mid,0.03
test-0157.mid,0.05
test-0158.mid,0.03
test-0159.mid,0.12
test-0160.mid,0.11
test-0161.mid,0.04
test-0162.mid,0.02
test-0163.mid,0.03
test-0164.mid,0.03
test-0165.mid,0.04
test-0166.mid,0.02
test-0167.mid,0.03
test-0168.mid,0.03
test-0169.mid,0.03
test-0170.mid,0.03
test-0171.mid,0.02
test-0172.mid,0.02
test-0173.mid,0.02
test-0174.mid,0.73
test-0175.mid,0.03
test-0176.mid,0.76
test-0177.mid,0.02
test-0178.mid,0.09
test-0179.mid,0.03
test-0180.mid,0.52
test-0181.mid,0.06
test-0182.mid,0.69
test-0183.mid,0.02
test-0184.mid,0.04
test-0185.mid,0.08
test-0186.mid,0.31
test-0187.mid,0.02
test-0188.mid,0.58
test-0189.mid,0.03
test-0190.mid,0.7
test-0191.mid,0.03
test-0192.mid,0.03
test-0193.mid,0.03
test-0194.mid,0.78
test-0195.mid,0.03
test-0196.mid,0.03
test-0197.mid,0.02
test-0198.mid,0.02
test-0199.mid,0.04
test-0200.mid,0.03
test-0201.mid,0.03
test-0202.mid,0.03
test-0203.mid,0.03
test-0204.mid,0.03
test-0205.mid,0.76
test-0206.mid,0.02
test-0207.mid,0.04
test-0208.mid,0.66
test-0209.mid,0.7
test-0210.mid,0.73
test-0211.mid,0.76
test-0212.mid,0.04
test-0213.mid,0.04
test-0214.mid,0.05
test-0215.mid,0.03
test-0216.mid,0.03
test-0217.mid,0.03
test-0218.mid,0.48
test-0219.mid,0.04
test-0220.mid,0.02
test-0221.mid,0.02
test-0222.mid,0.03
test-0223.mid,0.74
test-0224.mid,0.04
test-0225.mid,0.03
test-0226.mid,0.03
test-0227.mid,0.04
test-0228.mid,0.03
test-0229.mid,0.03
test-0230.mid,0.16
test-0231.mid,0.03
test-0232.mid,0.41
test-0233.mid,0.03
test-0234.mid,0.04
test-0235.mid,0.02
test-0236.mid,0.03
test-0237.mid,0.05
test-0238.mid,0.17
test-0239.mid,0.03
test-0240.mid,0.04
test-0241.mid,0.03
test-0242.mid,0.74
test-0243.mid,0.31
test-0244.mid,0.03
test-0245.mid,0.59
test-0246.mid,0.03
test-0247.mid,0.03
test-0248.mid,0.69
test-0249.mid,0.74
test-0250.mid,0.05
test-0251.mid,0.04
test-0252.mid,0.67
test-0253.mid,0.1
test-0254.mid,0.04
test-0255.mid,0.03
test-0256.mid,0.07
test-0257.mid,0.68
test-0258.mid,0.03
test-0259.mid,0.03
test-0260.mid,0.11
test-0261.mid,0.76
test-0262.mid,0.73
test-0263.mid,0.03
test-0264.mid,0.02
test-0265.mid,0.02
test-0266.mid,0.72
test-0267.mid,0.03
test-0268.mid,0.55
test-0269.mid,0.03
test-0270.mid,0.17
test-0271.mid,0.02
test-0272.mid,0.03
test-0273.mid,0.03
test-0274.mid,0.17
test-0275.mid,0.03
test-0276.mid,0.19
test-0277.mid,0.26
test-0278.mid,0.03
test-0279.mid,0.31
test-0280.mid,0.03
test-0281.mid,0.03
test-0282.mid,0.77
test-0283.mid,0.06
test-0284.mid,0.02
test-0285.mid,0.65
test-0286.mid,0.53
test-0287.mid,0.03
test-0288.mid,0.03
test-0289.mid,0.75
test-0290.mid,0.78
test-0291.mid,0.04
test-0292.mid,0.6
test-0293.mid,0.46
test-0294.mid,0.65
test-0295.mid,0.75
test-0296.mid,0.05
test-0297.mid,0.72
test-0298.mid,0.17
test-0299.mid,0.02
test-0300.mid,0.04
test-0301.mid,0.76
test-0302.mid,0.03
test-0303.mid,0.03
test-0304.mid,0.02
test-0305.mid,0.04
test-0306.mid,0.03
test-0307.mid,0.04
test-0308.mid,0.03
test-0309.mid,0.02
test-0310.mid,0.11
test-0311.mid,0.76
test-0312.mid,0.02
test-0313.mid,0.07
test-0314.mid,0.03
test-0315.mid,0.03
test-0316.mid,0.03
test-0317.mid,0.46
test-0318.mid,0.63
test-0319.mid,0.22
test-0320.mid,0.07
test-0321.mid,0.12
test-0322.mid,0.45
test-0323.mid,0.75
test-0324.mid,0.03
test-0325.mid,0.03
test-0326.mid,0.03
test-0327.mid,0.04
test-0328.mid,0.04
test-0329.mid,0.04
test-0330.mid,0.02
test-0331.mid,0.03
test-0332.mid,0.03
test-0333.mid,0.06
test-0334.mid,0.04
test-0335.mid,0.03
test-0336.mid,0.05
test-0337.mid,0.45
test-0338.mid,0.02
test-0339.mid,0.05
test-0340.mid,0.67
test-0341.mid,0.78
test-0342.mid,0.03
test-0343.mid,0.05
test-0344.mid,0.07
test-0345.mid,0.5
test-0346.mid,0.67
test-0347.mid,0.3
test-0348.mid,0.72
test-0349.mid,0.07
test-0350.mid,0.03
test-0351.mid,0.22
test-0352.mid,0.03
test-0353.mid,0.02
test-0354.mid,0.76
test-0355.mid,0.78
test-0356.mid,0.03
test-0357.mid,0.04
test-0358.mid,0.06
test-0359.mid,0.55
test-0360.mid,0.03
test-0361.mid,0.56
test-0362.mid,0.04
test-0363.mid,0.03
test-0364.mid,0.05
test-0365.mid,0.03
test-0366.mid,0.05
test-0367.mid,0.72
test-0368.mid,0.64
test-0369.mid,0.02
test-0370.mid,0.18
test-0371.mid,0.03
test-0372.mid,0.76
test-0373.mid,0.55
test-0374.mid,0.02
test-0375.mid,0.04
test-0376.mid,0.03
test-0377.mid,0.04
test-0378.mid,0.53
test-0379.mid,0.05
test-0380.mid,0.04
test-0381.mid,0.76
test-0382.mid,0.03
test-0383.mid,0.03
test-0384.mid,0.74
test-0385.mid,0.64
test-0386.mid,0.03
test-0387.mid,0.03
test-0388.mid,0.03
test-0389.mid,0.04
test-0390.mid,0.76
test-0391.mid,0.73
test-0392.mid,0.77
test-0393.mid,0.03
test-0394.mid,0.26
test-0395.mid,0.05
test-0396.mid,0.74
test-0397.mid,0.73
test-0398.mid,0.43
test-0399.mid,0.03
test-0400.mid,0.03
test-0401.mid,0.02
test-0402.mid,0.03
test-0403.mid,0.05
test-0404.mid,0.03
test-0405.mid,0.04
test-0406.mid,0.04
test-0407.mid,0.05
test-0408.mid,0.03
test-0409.mid,0.03
test-0410.mid,0.09
test-0411.mid,0.03
test-0412.mid,0.64
test-0413.mid,0.03
test-0414.mid,0.04
test-0415.mid,0.02
test-0416.mid,0.68
test-0417.mid,0.02
test-0418.mid,0.59
test-0419.mid,0.77
test-0420.mid,0.12
test-0421.mid,0.55
test-0422.mid,0.02
test-0423.mid,0.03
test-0424.mid,0.24
test-0425.mid,0.02
test-0426.mid,0.03
test-0427.mid,0.61
test-0428.mid,0.03
test-0429.mid,0.03
test-0430.mid,0.22
test-0431.mid,0.02
test-0432.mid,0.03
test-0433.mid,0.73
test-0434.mid,0.03
test-0435.mid,0.04
test-0436.mid,0.03
test-0437.mid,0.02
test-0438.mid,0.02
test-0439.mid,0.04
test-0440.mid,0.02
test-0441.mid,0.76
test-0442.mid,0.03
test-0443.mid,0.03
test-0444.mid,0.03
test-0445.mid,0.05
test-0446.mid,0.05
test-0447.mid,0.03
test-0448.mid,0.24
test-0449.mid,0.03
test-0450.mid,0.02
test-0451.mid,0.03
test-0452.mid,0.1
test-0453.mid,0.04
test-0454.mid,0.04
test-0455.mid,0.06
test-0456.mid,0.03
test-0457.mid,0.03
test-0458.mid,0.13
test-0459.mid,0.02
test-0460.mid,0.03
test-0461.mid,0.03
test-0462.mid,0.78
test-0463.mid,0.22
test-0464.mid,0.73
test-0465.mid,0.25
test-0466.mid,0.04
test-0467.mid,0.38
test-0468.mid,0.05
test-0469.mid,0.08
test-0470.mid,0.75
test-0471.mid,0.03
test-0472.mid,0.03
test-0473.mid,0.73
test-0474.mid,0.03
test-0475.mid,0.46
test-0476.mid,0.04
test-0477.mid,0.39
test-0478.mid,0.03
test-0479.mid,0.44
test-0480.mid,0.02
test-0481.mid,0.28
test-0482.mid,0.03
test-0483.mid,0.03
test-0484.mid,0.02
test-0485.mid,0.66
test-0486.mid,0.43
test-0487.mid,0.74
test-0488.mid,0.03
test-0489.mid,0.49
test-0490.mid,0.04
test-0491.mid,0.03
test-0492.mid,0.03
test-0493.mid,0.36
test-0494.mid,0.07
test-0495.mid,0.62
test-0496.mid,0.03
test-0497.mid,0.02
test-0498.mid,0.62
test-0499.mid,0.03
test-0500.mid,0.78
test-0501.mid,0.58
test-0502.mid,0.72
test-0503.mid,0.04
test-0504.mid,0.06
test-0505.mid,0.04
test-0506.mid,0.03
test-0507.mid,0.61
test-0508.mid,0.73
test-0509.mid,0.03
test-0510.mid,0.71
test-0511.mid,0.67
test-0512.mid,0.03
test-0513.mid,0.57
test-0514.mid,0.76
test-0515.mid,0.03
test-0516.mid,0.77
test-0517.mid,0.08
test-0518.mid,0.69
test-0519.mid,0.09
test-0520.mid,0.04
test-0521.mid,0.74
test-0522.mid,0.04
test-0523.mid,0.39
test-0524.mid,0.59
test-0525.mid,0.03
test-0526.mid,0.04
test-0527.mid,0.76
test-0528.mid,0.05
test-0529.mid,0.05
test-0530.mid,0.69
test-0531.mid,0.72
test-0532.mid,0.24
test-0533.mid,0.03
test-0534.mid,0.73
test-0535.mid,0.02
test-0536.mid,0.03
test-0537.mid,0.03
test-0538.mid,0.03
test-0539.mid,0.74
test-0540.mid,0.04
test-0541.mid,0.03
test-0542.mid,0.03
test-0543.mid,0.03
test-0544.mid,0.04
test-0545.mid,0.03
test-0546.mid,0.03
test-0547.mid,0.04
test-0548.mid,0.02
test-0549.mid,0.05
test-0550.mid,0.02
test-0551.mid,0.22
test-0552.mid,0.03
test-0553.mid,0.62
test-0554.mid,0.03
test-0555.mid,0.04
test-0556.mid,0.65
test-0557.mid,0.31
test-0558.mid,0.49
test-0559.mid,0.41
test-0560.mid,0.03
test-0561.mid,0.25
test-0562.mid,0.06
test-0563.mid,0.03
test-0564.mid,0.03
test-0565.mid,0.04
test-0566.mid,0.05
test-0567.mid,0.03
test-0568.mid,0.03
test-0569.mid,0.02
test-0570.mid,0.71
test-0571.mid,0.04
test-0572.mid,0.03
test-0573.mid,0.76
test-0574.mid,0.03
test-0575.mid,0.04
test-0576.mid,0.7
test-0577.mid,0.6
test-0578.mid,0.73
test-0579.mid,0.3
test-0580.mid,0.03
test-0581.mid,0.04
test-0582.mid,0.76
test-0583.mid,0.03
test-0584.mid,0.03
test-0585.mid,0.04
test-0586.mid,0.64
test-0587.mid,0.59
test-0588.mid,0.05
test-0589.mid,0.27
test-0590.mid,0.02
test-0591.mid,0.02
test-0592.mid,0.03
test-0593.mid,0.76
test-0594.mid,0.02
test-0595.mid,0.04
test-0596.mid,0.03
test-0597.mid,0.03
test-0598.mid,0.75
test-0599.mid,0.03
test-0600.mid,0.09
test-0601.mid,0.54
test-0602.mid,0.03
test-0603.mid,0.05
test-0604.mid,0.04
test-0605.mid,0.75
test-0606.mid,0.03
test-0607.mid,0.02
test-0608.mid,0.03
test-0609.mid,0.7
test-0610.mid,0.77
test-0611.mid,0.05
test-0612.mid,0.6
test-0613.mid,0.05
test-0614.mid,0.03
test-0615.mid,0.03
test-0616.mid,0.14
test-0617.mid,0.7
test-0618.mid,0.73
test-0619.mid,0.62
test-0620.mid,0.03
test-0621.mid,0.03
test-0622.mid,0.03
test-0623.mid,0.03
test-0624.mid,0.02
test-0625.mid,0.09
test-0626.mid,0.76
test-0627.mid,0.34
test-0628.mid,0.03
test-0629.mid,0.03
test-0630.mid,0.03
test-0631.mid,0.1
test-0632.mid,0.03
test-0633.mid,0.03
test-0634.mid,0.15
test-0635.mid,0.03
test-0636.mid,0.66
test-0637.mid,0.11
test-0638.mid,0.74
test-0639.mid,0.57
test-0640.mid,0.7
test-0641.mid,0.03
test-0642.mid,0.7
test-0643.mid,0.03
test-0644.mid,0.73
test-0645.mid,0.03
test-0646.mid,0.03
test-0647.mid,0.24
test-0648.mid,0.11
test-0649.mid,0.03
test-0650.mid,0.03
test-0651.mid,0.69
test-0652.mid,0.04
test-0653.mid,0.03
test-0654.mid,0.04
test-0655.mid,0.04
test-0656.mid,0.35
test-0657.mid,0.78
test-0658.mid,0.03
test-0659.mid,0.03
test-0660.mid,0.75
test-0661.mid,0.03
test-0662.mid,0.73
test-0663.mid,0.03
test-0664.mid,0.04
test-0665.mid,0.03
test-0666.mid,0.03
test-0667.mid,0.04
test-0668.mid,0.57
test-0669.mid,0.03
test-0670.mid,0.49
test-0671.mid,0.05
test-0672.mid,0.02
test-0673.mid,0.04
test-0674.mid,0.03
test-0675.mid,0.02
test-0676.mid,0.04
test-0677.mid,0.07
test-0678.mid,0.03
test-0679.mid,0.02
test-0680.mid,0.04
test-0681.mid,0.7
test-0682.mid,0.71
test-0683.mid,0.78
test-0684.mid,0.03
test-0685.mid,0.03
test-0686.mid,0.04
test-0687.mid,0.7
test-0688.mid,0.02
test-0689.mid,0.56
test-0690.mid,0.03
test-0691.mid,0.58
test-0692.mid,0.09
test-0693.mid,0.05
test-0694.mid,0.68
test-0695.mid,0.04
test-0696.mid,0.04
test-0697.mid,0.02
test-0698.mid,0.03
test-0699.mid,0.63
test-0700.mid,0.03
test-0701.mid,0.03
test-0702.mid,0.75
test-0703.mid,0.47
test-0704.mid,0.09
test-0705.mid,0.06
test-0706.mid,0.73
test-0707.mid,0.07
test-0708.mid,0.74
test-0709.mid,0.03
test-0710.mid,0.31
test-0711.mid,0.03
test-0712.mid,0.03
test-0713.mid,0.02
test-0714.mid,0.43
test-0715.mid,0.47
test-0716.mid,0.04
test-0717.mid,0.42
test-0718.mid,0.03
test-0719.mid,0.78
test-0720.mid,0.72
test-0721.mid,0.04
test-0722.mid,0.03
test-0723.mid,0.54
test-0724.mid,0.04
test-0725.mid,0.6
test-0726.mid,0.02
test-0727.mid,0.25
test-0728.mid,0.03
test-0729.mid,0.73
test-0730.mid,0.05
test-0731.mid,0.03
test-0732.mid,0.04
test-0733.mid,0.03
test-0734.mid,0.03
test-0735.mid,0.03
test-0736.mid,0.57
test-0737.mid,0.03
test-0738.mid,0.17
test-0739.mid,0.73
test-0740.mid,0.04
test-0741.mid,0.04
test-0742.mid,0.06
test-0743.mid,0.03
test-0744.mid,0.74
test-0745.mid,0.03
test-0746.mid,0.06
test-0747.mid,0.55
test-0748.mid,0.02
test-0749.mid,0.59
test-0750.mid,0.02
test-0751.mid,0.03
test-0752.mid,0.02
test-0753.mid,0.03
test-0754.mid,0.13
test-0755.mid,0.04
test-0756.mid,0.03
test-0757.mid,0.25
test-0758.mid,0.68
test-0759.mid,0.03
test-0760.mid,0.02
test-0761.mid,0.57
test-0762.mid,0.16
test-0763.mid,0.04
test-0764.mid,0.03
test-0765.mid,0.57
test-0766.mid,0.37
test-0767.mid,0.03
test-0768.mid,0.5
test-0769.mid,0.49
test-0770.mid,0.08
test-0771.mid,0.59
test-0772.mid,0.03
test-0773.mid,0.04
test-0774.mid,0.11
test-0775.mid,0.62
test-0776.mid,0.71
test-0777.mid,0.78
test-0778.mid,0.68
test-0779.mid,0.03
test-0780.mid,0.6
test-0781.mid,0.02
test-0782.mid,0.58
test-0783.mid,0.38
test-0784.mid,0.03
test-0785.mid,0.03
test-0786.mid,0.18
test-0787.mid,0.03
test-0788.mid,0.02
test-0789.mid,0.72
test-0790.mid,0.03
test-0791.mid,0.04
test-0792.mid,0.5
test-0793.mid,0.02
test-0794.mid,0.17
test-0795.mid,0.03
test-0796.mid,0.66
test-0797.mid,0.34
test-0798.mid,0.05
test-0799.mid,0.55
test-0800.mid,0.59
test-0801.mid,0.71
test-0802.mid,0.03
test-0803.mid,0.03
test-0804.mid,0.02
test-0805.mid,0.64
test-0806.mid,0.02
test-0807.mid,0.57
test-0808.mid,0.69
test-0809.mid,0.05
test-0810.mid,0.03
test-0811.mid,0.03
test-0812.mid,0.03
test-0813.mid,0.03
test-0814.mid,0.13
test-0815.mid,0.03
test-0816.mid,0.03
test-0817.mid,0.03
test-0818.mid,0.04
test-0819.mid,0.02
test-0820.mid,0.03
test-0821.mid,0.6
test-0822.mid,0.54
test-0823.mid,0.78
test-0824.mid,0.04
test-0825.mid,0.03
test-0826.mid,0.03
test-0827.mid,0.03
test-0828.mid,0.05
test-0829.mid,0.37
test-0830.mid,0.74
test-0831.mid,0.02
test-0832.mid,0.02
test-0833.mid,0.03
test-0834.mid,0.03
test-0835.mid,0.06
test-0836.mid,0.03
test-0837.mid,0.02
test-0838.mid,0.02
test-0839.mid,0.07
test-0840.mid,0.71
test-0841.mid,0.03
test-0842.mid,0.03
test-0843.mid,0.76
test-0844.mid,0.74
test-0845.mid,0.02
test-0846.mid,0.64
test-0847.mid,0.17
test-0848.mid,0.03
test-0849.mid,0.72
test-0850.mid,0.03
test-0851.mid,0.04
test-0852.mid,0.03
test-0853.mid,0.03
test-0854.mid,0.05
test-0855.mid,0.04
test-0856.mid,0.66
test-0857.mid,0.03
test-0858.mid,0.1
test-0859.mid,0.57
test-0860.mid,0.03
test-0861.mid,0.6
test-0862.mid,0.03
test-0863.mid,0.78
test-0864.mid,0.03
test-0865.mid,0.41
test-0866.mid,0.04
test-0867.mid,0.22
test-0868.mid,0.03
test-0869.mid,0.05
test-0870.mid,0.62
test-0871.mid,0.02
test-0872.mid,0.04
test-0873.mid,0.03
test-0874.mid,0.04
test-0875.mid,0.76
test-0876.mid,0.03
test-0877.mid,0.03
test-0878.mid,0.05
test-0879.mid,0.03
test-0880.mid,0.03
test-0881.mid,0.02
test-0882.mid,0.03
test-0883.mid,0.58
test-0884.mid,0.05
test-0885.mid,0.03
test-0886.mid,0.03
test-0887.mid,0.03
test-0888.mid,0.03
test-0889.mid,0.04
test-0890.mid,0.03
test-0891.mid,0.03
test-0892.mid,0.7
test-0893.mid,0.03
test-0894.mid,0.03
test-0895.mid,0.02
test-0896.mid,0.04
test-0897.mid,0.03
test-0898.mid,0.03
test-0899.mid,0.41
test-0900.mid,0.03
test-0901.mid,0.06
test-0902.mid,0.03
test-0903.mid,0.08
test-0904.mid,0.06
test-0905.mid,0.18
test-0906.mid,0.04
test-0907.mid,0.76
test-0908.mid,0.03
test-0909.mid,0.03
test-0910.mid,0.77
test-0911.mid,0.03
test-0912.mid,0.21
test-0913.mid,0.03
test-0914.mid,0.69
test-0915.mid,0.51
test-0916.mid,0.03
test-0917.mid,0.03
test-0918.mid,0.03
test-0919.mid,0.76
test-0920.mid,0.02
test-0921.mid,0.07
test-0922.mid,0.03
test-0923.mid,0.71
test-0924.mid,0.02
test-0925.mid,0.03
test-0926.mid,0.03
test-0927.mid,0.11
test-0928.mid,0.04
test-0929.mid,0.03
test-0930.mid,0.04
test-0931.mid,0.07
test-0932.mid,0.04
test-0933.mid,0.41
test-0934.mid,0.03
test-0935.mid,0.04
test-0936.mid,0.37
test-0937.mid,0.03
test-0938.mid,0.03
test-0939.mid,0.45
test-0940.mid,0.02
test-0941.mid,0.03
test-0942.mid,0.37
test-0943.mid,0.03
test-0944.mid,0.04
test-0945.mid,0.03
test-0946.mid,0.6
test-0947.mid,0.02
test-0948.mid,0.47
test-0949.mid,0.03
test-0950.mid,0.03
test-0951.mid,0.19
test-0952.mid,0.02
test-0953.mid,0.58
test-0954.mid,0.05
test-0955.mid,0.06
test-0956.mid,0.16
test-0957.mid,0.02
test-0958.mid,0.1
test-0959.mid,0.03
test-0960.mid,0.1
test-0961.mid,0.02
test-0962.mid,0.04
test-0963.mid,0.03
test-0964.mid,0.02
test-0965.mid,0.03
test-0966.mid,0.03
test-0967.mid,0.02
test-0968.mid,0.03
test-0969.mid,0.77
test-0970.mid,0.61
test-0971.mid,0.71
test-0972.mid,0.03
test-0973.mid,0.67
test-0974.mid,0.05
test-0975.mid,0.7
test-0976.mid,0.03
test-0977.mid,0.21
test-0978.mid,0.63
test-0979.mid,0.03
test-0980.mid,0.03
test-0981.mid,0.03
test-0982.mid,0.06
test-0983.mid,0.03
test-0984.mid,0.03
test-0985.mid,0.04
test-0986.mid,0.03
test-0987.mid,0.03
test-0988.mid,0.04
test-0989.mid,0.59
test-0990.mid,0.48
test-0991.mid,0.77
test-0992.mid,0.32
test-0993.mid,0.03
test-0994.mid,0.48
test-0995.mid,0.04
test-0996.mid,0.03
test-0997.mid,0.03
test-0998.mid,0.68
test-0999.mid,0.04
test-1000.mid,0.03
test-1001.mid,0.26
test-1002.mid,0.02
test-1003.mid,0.55
test-1004.mid,0.02
test-1005.mid,0.77
test-1006.mid,0.12
test-1007.mid,0.65
test-1008.mid,0.7
test-1009.mid,0.78
test-1010.mid,0.28
test-1011.mid,0.02
test-1012.mid,0.04
test-1013.mid,0.03
test-1014.mid,0.73
test-1015.mid,0.03
test-1016.mid,0.02
test-1017.mid,0.51
test-1018.mid,0.67
test-1019.mid,0.04
test-1020.mid,0.72
test-1021.mid,0.03
test-1022.mid,0.75
test-1023.mid,0.69
test-1024.mid,0.06
test-1025.mid,0.03
test-1026.mid,0.03
test-1027.mid,0.65
test-1028.mid,0.37
test-1029.mid,0.03
test-1030.mid,0.03
test-1031.mid,0.49
test-1032.mid,0.03
test-1033.mid,0.03
test-1034.mid,0.74
test-1035.mid,0.02
test-1036.mid,0.03
test-1037.mid,0.03
test-1038.mid,0.31
test-1039.mid,0.03
test-1040.mid,0.24
test-1041.mid,0.04
test-1042.mid,0.08
test-1043.mid,0.03
test-1044.mid,0.03
test-1045.mid,0.02
test-1046.mid,0.77
test-1047.mid,0.33
test-1048.mid,0.02
test-1049.mid,0.02
test-1050.mid,0.68
test-1051.mid,0.03
test-1052.mid,0.03
test-1053.mid,0.03
test-1054.mid,0.03
test-1055.mid,0.03
test-1056.mid,0.05
test-1057.mid,0.03
test-1058.mid,0.27
test-1059.mid,0.78
test-1060.mid,0.75
test-1061.mid,0.02
test-1062.mid,0.03
test-1063.mid,0.54
test-1064.mid,0.06
test-1065.mid,0.5
test-1066.mid,0.03
test-1067.mid,0.28
test-1068.mid,0.76
test-1069.mid,0.03
test-1070.mid,0.07
test-1071.mid,0.37
test-1072.mid,0.04
test-1073.mid,0.63
test-1074.mid,0.7
test-1075.mid,0.77
test-1076.mid,0.05
test-1077.mid,0.03
test-1078.mid,0.5
test-1079.mid,0.02
test-1080.mid,0.04
test-1081.mid,0.03
test-1082.mid,0.5
test-1083.mid,0.12
test-1084.mid,0.27
test-1085.mid,0.67
test-1086.mid,0.03
test-1087.mid,0.67
test-1088.mid,0.03
test-1089.mid,0.03
test-1090.mid,0.03
test-1091.mid,0.02
test-1092.mid,0.06
test-1093.mid,0.11
test-1094.mid,0.03
test-1095.mid,0.04
test-1096.mid,0.76
test-1097.mid,0.02
test-1098.mid,0.1
test-1099.mid,0.02
test-1100.mid,0.03
test-1101.mid,0.05
test-1102.mid,0.73
test-1103.mid,0.58
test-1104.mid,0.02
test-1105.mid,0.03
test-1106.mid,0.64
test-1107.mid,0.02
test-1108.mid,0.18
test-1109.mid,0.74
test-1110.mid,0.47
test-1111.mid,0.02
test-1112.mid,0.08
test-1113.mid,0.04
test-1114.mid,0.67
test-1115.mid,0.05
test-1116.mid,0.05
test-1117.mid,0.02
test-1118.mid,0.04
test-1119.mid,0.04
test-1120.mid,0.02
test-1121.mid,0.02
test-1122.mid,0.1
test-1123.mid,0.42
test-1124.mid,0.02
test-1125.mid,0.03
test-1126.mid,0.03
test-1127.mid,0.03
test-1128.mid,0.03
test-1129.mid,0.73
test-1130.mid,0.03
test-1131.mid,0.74
test-1132.mid,0.03
test-1133.mid,0.02
test-1134.mid,0.02
test-1135.mid,0.28
test-1136.mid,0.03
test-1137.mid,0.03
test-1138.mid,0.69
test-1139.mid,0.03
test-1140.mid,0.03
test-1141.mid,0.03
test-1142.mid,0.03
test-1143.mid,0.13
test-1144.mid,0.03
test-1145.mid,0.04
test-1146.mid,0.71
test-1147.mid,0.04
test-1148.mid,0.02
test-1149.mid,0.03
test-1150.mid,0.03
test-1151.mid,0.03
test-1152.mid,0.04
test-1153.mid,0.03
test-1154.mid,0.02
test-1155.mid,0.79
test-1156.mid,0.51
test-1157.mid,0.3
test-1158.mid,0.03
test-1159.mid,0.1
test-1160.mid,0.03
test-1161.mid,0.77
test-1162.mid,0.72
test-1163.mid,0.03
test-1164.mid,0.03
test-1165.mid,0.07
test-1166.mid,0.15
test-1167.mid,0.68
test-1168.mid,0.3
test-1169.mid,0.04
test-1170.mid,0.71
test-1171.mid,0.71
test-1172.mid,0.03
test-1173.mid,0.43
test-1174.mid,0.03
test-1175.mid,0.03
test-1176.mid,0.65
test-1177.mid,0.02
test-1178.mid,0.02
test-1179.mid,0.56
test-1180.mid,0.26
test-1181.mid,0.03
test-1182.mid,0.51
test-1183.mid,0.03
test-1184.mid,0.74
test-1185.mid,0.03
test-1186.mid,0.25
test-1187.mid,0.06
test-1188.mid,0.7
test-1189.mid,0.03
test-1190.mid,0.72
test-1191.mid,0.71
test-1192.mid,0.73
test-1193.mid,0.7
test-1194.mid,0.72
test-1195.mid,0.03
test-1196.mid,0.03
test-1197.mid,0.03
test-1198.mid,0.03
test-1199.mid,0.7
test-1200.mid,0.03
test-1201.mid,0.02
test-1202.mid,0.45
test-1203.mid,0.03
test-1204.mid,0.69
test-1205.mid,0.02
test-1206.mid,0.03
test-1207.mid,0.03
test-1208.mid,0.03
test-1209.mid,0.46
test-1210.mid,0.03
test-1211.mid,0.05
test-1212.mid,0.03
test-1213.mid,0.63
test-1214.mid,0.77
test-1215.mid,0.76
test-1216.mid,0.05
test-1217.mid,0.03
test-1218.mid,0.2
test-1219.mid,0.12
test-1220.mid,0.75
test-1221.mid,0.62
test-1222.mid,0.03
test-1223.mid,0.36
test-1224.mid,0.03
test-1225.mid,0.03
test-1226.mid,0.62
test-1227.mid,0.04
test-1228.mid,0.72
test-1229.mid,0.03
test-1230.mid,0.48
test-1231.mid,0.07
test-1232.mid,0.68
test-1233.mid,0.73
test-1234.mid,0.03
test-1235.mid,0.11
test-1236.mid,0.7
test-1237.mid,0.02
test-1238.mid,0.03
test-1239.mid,0.71
test-1240.mid,0.05
test-1241.mid,0.4
test-1242.mid,0.03
test-1243.mid,0.06
test-1244.mid,0.02
test-1245.mid,0.33
test-1246.mid,0.02
test-1247.mid,0.65
test-1248.mid,0.43
test-1249.mid,0.38
test-1250.mid,0.03
test-1251.mid,0.03
test-1252.mid,0.03
test-1253.mid,0.03
test-1254.mid,0.03
test-1255.mid,0.06
test-1256.mid,0.03
test-1257.mid,0.04
test-1258.mid,0.02
test-1259.mid,0.76
test-1260.mid,0.07
test-1261.mid,0.02
test-1262.mid,0.02
test-1263.mid,0.03
test-1264.mid,0.06
test-1265.mid,0.03
test-1266.mid,0.03
test-1267.mid,0.03
test-1268.mid,0.03
test-1269.mid,0.04
test-1270.mid,0.68
test-1271.mid,0.02
test-1272.mid,0.03
test-1273.mid,0.09
test-1274.mid,0.03
test-1275.mid,0.76
test-1276.mid,0.2
test-1277.mid,0.03
test-1278.mid,0.04
test-1279.mid,0.04
test-1280.mid,0.03
test-1281.mid,0.69
test-1282.mid,0.03
test-1283.mid,0.03
test-1284.mid,0.03
test-1285.mid,0.54
test-1286.mid,0.76
test-1287.mid,0.03
test-1288.mid,0.02
test-1289.mid,0.67
test-1290.mid,0.03
test-1291.mid,0.08
test-1292.mid,0.67
test-1293.mid,0.02
test-1294.mid,0.06
test-1295.mid,0.49
test-1296.mid,0.03
test-1297.mid,0.03
test-1298.mid,0.06
test-1299.mid,0.02
test-1300.mid,0.02
test-1301.mid,0.03
test-1302.mid,0.7
test-1303.mid,0.07
test-1304.mid,0.77
test-1305.mid,0.28
test-1306.mid,0.17
test-1307.mid,0.03
test-1308.mid,0.46
test-1309.mid,0.06
test-1310.mid,0.02
test-1311.mid,0.03
test-1312.mid,0.03
test-1313.mid,0.55
test-1314.mid,0.03
test-1315.mid,0.03
test-1316.mid,0.77
test-1317.mid,0.02
test-1318.mid,0.03
test-1319.mid,0.03
test-1320.mid,0.05
test-1321.mid,0.02
test-1322.mid,0.03
test-1323.mid,0.69
test-1324.mid,0.17
test-1325.mid,0.03
test-1326.mid,0.02
test-1327.mid,0.03
test-1328.mid,0.03
test-1329.mid,0.72
test-1330.mid,0.03
test-1331.mid,0.04
test-1332.mid,0.69
test-1333.mid,0.7
test-1334.mid,0.02
test-1335.mid,0.03
test-1336.mid,0.47
test-1337.mid,0.12
test-1338.mid,0.49
test-1339.mid,0.03
test-1340.mid,0.03
test-1341.mid,0.03
test-1342.mid,0.03
test-1343.mid,0.02
test-1344.mid,0.03
test-1345.mid,0.02
test-1346.mid,0.03
test-1347.mid,0.71
test-1348.mid,0.15
test-1349.mid,0.24
test-1350.mid,0.71
test-1351.mid,0.04
test-1352.mid,0.02
test-1353.mid,0.03
test-1354.mid,0.02
test-1355.mid,0.03
test-1356.mid,0.04
test-1357.mid,0.09
test-1358.mid,0.05
test-1359.mid,0.03
test-1360.mid,0.02
test-1361.mid,0.16
test-1362.mid,0.04
test-1363.mid,0.03
test-1364.mid,0.03
test-1365.mid,0.07
test-1366.mid,0.17
test-1367.mid,0.04
test-1368.mid,0.05
test-1369.mid,0.73
test-1370.mid,0.71
test-1371.mid,0.02
test-1372.mid,0.78
test-1373.mid,0.03
test-1374.mid,0.02
test-1375.mid,0.76
test-1376.mid,0.03
test-1377.mid,0.04
test-1378.mid,0.09
test-1379.mid,0.03
test-1380.mid,0.03
test-1381.mid,0.11
test-1382.mid,0.04
test-1383.mid,0.7
test-1384.mid,0.03
test-1385.mid,0.12
test-1386.mid,0.64
test-1387.mid,0.02
test-1388.mid,0.41
test-1389.mid,0.61
test-1390.mid,0.03
test-1391.mid,0.04
test-1392.mid,0.06
test-1393.mid,0.03
test-1394.mid,0.05
test-1395.mid,0.03
test-1396.mid,0.05
test-1397.mid,0.03
test-1398.mid,0.03
test-1399.mid,0.03
test-1400.mid,0.12
test-1401.mid,0.76
test-1402.mid,0.03
test-1403.mid,0.49
test-1404.mid,0.22
test-1405.mid,0.7
test-1406.mid,0.03
test-1407.mid,0.2
test-1408.mid,0.75
test-1409.mid,0.65
test-1410.mid,0.78
test-1411.mid,0.71
test-1412.mid,0.11
test-1413.mid,0.03
test-1414.mid,0.68
test-1415.mid,0.71
test-1416.mid,0.03
test-1417.mid,0.02
test-1418.mid,0.03
test-1419.mid,0.02
test-1420.mid,0.03
test-1421.mid,0.04
test-1422.mid,0.03
test-1423.mid,0.72
test-1424.mid,0.04
test-1425.mid,0.03
test-1426.mid,0.79
test-1427.mid,0.03
test-1428.mid,0.56
test-1429.mid,0.08
test-1430.mid,0.03
test-1431.mid,0.17
test-1432.mid,0.02
test-1433.mid,0.03
test-1434.mid,0.73
test-1435.mid,0.13
test-1436.mid,0.03
test-1437.mid,0.32
test-1438.mid,0.03
test-1439.mid,0.03
test-1440.mid,0.03
test-1441.mid,0.67
test-1442.mid,0.68
test-1443.mid,0.03
test-1444.mid,0.03
test-1445.mid,0.03
test-1446.mid,0.02
test-1447.mid,0.3
test-1448.mid,0.02
test-1449.mid,0.03
test-1450.mid,0.26
test-1451.mid,0.78
test-1452.mid,0.04
test-1453.mid,0.7
test-1454.mid,0.45
test-1455.mid,0.03
test-1456.mid,0.02
test-1457.mid,0.66
test-1458.mid,0.02
test-1459.mid,0.03
test-1460.mid,0.03
test-1461.mid,0.6
test-1462.mid,0.79
test-1463.mid,0.03
test-1464.mid,0.22
test-1465.mid,0.11
test-1466.mid,0.02
test-1467.mid,0.64
test-1468.mid,0.7
test-1469.mid,0.73
test-1470.mid,0.63
test-1471.mid,0.04
test-1472.mid,0.77
test-1473.mid,0.77
test-1474.mid,0.24
test-1475.mid,0.03
test-1476.mid,0.58
test-1477.mid,0.03
test-1478.mid,0.02
test-1479.mid,0.03
test-1480.mid,0.04
test-1481.mid,0.03
test-1482.mid,0.28
test-1483.mid,0.77
test-1484.mid,0.75
test-1485.mid,0.78
test-1486.mid,0.03
test-1487.mid,0.03
test-1488.mid,0.09
test-1489.mid,0.02
test-1490.mid,0.57
test-1491.mid,0.04
test-1492.mid,0.76
test-1493.mid,0.03
test-1494.mid,0.34
test-1495.mid,0.06
test-1496.mid,0.64
test-1497.mid,0.03
test-1498.mid,0.45
test-1499.mid,0.67
test-1500.mid,0.5
test-1501.mid,0.6
test-1502.mid,0.68
test-1503.mid,0.16
test-1504.mid,0.04
test-1505.mid,0.03
test-1506.mid,0.05
test-1507.mid,0.66
test-1508.mid,0.76
test-1509.mid,0.04
test-1510.mid,0.03
test-1511.mid,0.03
test-1512.mid,0.72
test-1513.mid,0.03
test-1514.mid,0.05
test-1515.mid,0.02
test-1516.mid,0.15
test-1517.mid,0.11
test-1518.mid,0.05
test-1519.mid,0.03
test-1520.mid,0.04
test-1521.mid,0.03
test-1522.mid,0.02
test-1523.mid,0.05
test-1524.mid,0.11
test-1525.mid,0.58
test-1526.mid,0.03
test-1527.mid,0.78
test-1528.mid,0.4
test-1529.mid,0.46
test-1530.mid,0.05
test-1531.mid,0.04
test-1532.mid,0.02
test-1533.mid,0.02
test-1534.mid,0.04
test-1535.mid,0.03
test-1536.mid,0.03
test-1537.mid,0.03
test-1538.mid,0.03
test-1539.mid,0.02
test-1540.mid,0.03
test-1541.mid,0.08
test-1542.mid,0.6
test-1543.mid,0.03
test-1544.mid,0.03
test-1545.mid,0.06
test-1546.mid,0.04
test-1547.mid,0.03
test-1548.mid,0.04
test-1549.mid,0.03
test-1550.mid,0.06
test-1551.mid,0.68
test-1552.mid,0.46
test-1553.mid,0.05
test-1554.mid,0.03
test-1555.mid,0.03
test-1556.mid,0.02
test-1557.mid,0.58
test-1558.mid,0.03
test-1559.mid,0.03
test-1560.mid,0.02
test-1561.mid,0.03
test-1562.mid,0.02
test-1563.mid,0.03
test-1564.mid,0.02
test-1565.mid,0.75
test-1566.mid,0.03
test-1567.mid,0.03
test-1568.mid,0.03
test-1569.mid,0.41
test-1570.mid,0.03
test-1571.mid,0.53
test-1572.mid,0.03
test-1573.mid,0.02
test-1574.mid,0.05
test-1575.mid,0.04
test-1576.mid,0.02
test-1577.mid,0.62
test-1578.mid,0.62
test-1579.mid,0.03
test-1580.mid,0.03
test-1581.mid,0.02
test-1582.mid,0.68
test-1583.mid,0.04
test-1584.mid,0.02
test-1585.mid,0.04
test-1586.mid,0.73
test-1587.mid,0.03
test-1588.mid,0.03
test-1589.mid,0.03
test-1590.mid,0.49
test-1591.mid,0.03
test-1592.mid,0.03
test-1593.mid,0.73
test-1594.mid,0.03
test-1595.mid,0.03
test-1596.mid,0.46
test-1597.mid,0.74
test-1598.mid,0.02
test-1599.mid,0.06
test-1600.mid,0.03
test-1601.mid,0.03
test-1602.mid,0.31
test-1603.mid,0.05
test-1604.mid,0.02
test-1605.mid,0.76
test-1606.mid,0.03
test-1607.mid,0.02
test-1608.mid,0.04
test-1609.mid,0.11
test-1610.mid,0.56
test-1611.mid,0.12
test-1612.mid,0.04
test-1613.mid,0.71
test-1614.mid,0.02
test-1615.mid,0.04
test-1616.mid,0.04
test-1617.mid,0.03
test-1618.mid,0.03
test-1619.mid,0.06
test-1620.mid,0.22
test-1621.mid,0.03
test-1622.mid,0.73
test-1623.mid,0.03
test-1624.mid,0.02
test-1625.mid,0.03
test-1626.mid,0.08
test-1627.mid,0.02
test-1628.mid,0.03
test-1629.mid,0.76
test-1630.mid,0.02
test-1631.mid,0.08
test-1632.mid,0.03
test-1633.mid,0.05
test-1634.mid,0.05
test-1635.mid,0.04
test-1636.mid,0.04
test-1637.mid,0.04
test-1638.mid,0.03
test-1639.mid,0.69
test-1640.mid,0.03
test-1641.mid,0.03
test-1642.mid,0.04
test-1643.mid,0.04
test-1644.mid,0.23
test-1645.mid,0.03
test-1646.mid,0.03
test-1647.mid,0.04
test-1648.mid,0.03
test-1649.mid,0.04
test-1650.mid,0.03
test-1651.mid,0.03
test-1652.mid,0.3
test-1653.mid,0.74
test-1654.mid,0.04
test-1655.mid,0.02
test-1656.mid,0.76
test-1657.mid,0.57
test-1658.mid,0.66
test-1659.mid,0.04
test-1660.mid,0.03
test-1661.mid,0.03
test-1662.mid,0.66
test-1663.mid,0.11
test-1664.mid,0.04
test-1665.mid,0.68
test-1666.mid,0.02
test-1667.mid,0.03
test-1668.mid,0.02
test-1669.mid,0.03
test-1670.mid,0.09
test-1671.mid,0.03
test-1672.mid,0.77
test-1673.mid,0.03
test-1674.mid,0.03
test-1675.mid,0.03
test-1676.mid,0.1
test-1677.mid,0.02
test-1678.mid,0.33
test-1679.mid,0.03
test-1680.mid,0.03
test-1681.mid,0.02
test-1682.mid,0.04
test-1683.mid,0.04
test-1684.mid,0.74
test-1685.mid,0.04
test-1686.mid,0.03
test-1687.mid,0.06
test-1688.mid,0.03
test-1689.mid,0.04
test-1690.mid,0.72
test-1691.mid,0.06
test-1692.mid,0.03
test-1693.mid,0.05
test-1694.mid,0.16
test-1695.mid,0.72
test-1696.mid,0.03
test-1697.mid,0.03
test-1698.mid,0.52
test-1699.mid,0.03
test-1700.mid,0.49
test-1701.mid,0.45
test-1702.mid,0.04
test-1703.mid,0.03
test-1704.mid,0.03
test-1705.mid,0.02
test-1706.mid,0.02
test-1707.mid,0.02
test-1708.mid,0.78
test-1709.mid,0.05
test-1710.mid,0.15
test-1711.mid,0.48
test-1712.mid,0.38
test-1713.mid,0.03
test-1714.mid,0.04
test-1715.mid,0.61
test-1716.mid,0.62
test-1717.mid,0.03
test-1718.mid,0.44
test-1719.mid,0.76
test-1720.mid,0.04
test-1721.mid,0.07
test-1722.mid,0.16
test-1723.mid,0.04
test-1724.mid,0.04
test-1725.mid,0.76
test-1726.mid,0.05
test-1727.mid,0.04
test-1728.mid,0.03
test-1729.mid,0.03
test-1730.mid,0.03
test-1731.mid,0.03
test-1732.mid,0.02
test-1733.mid,0.58
test-1734.mid,0.07
test-1735.mid,0.75
test-1736.mid,0.03
test-1737.mid,0.06
test-1738.mid,0.03
test-1739.mid,0.04
test-1740.mid,0.03
test-1741.mid,0.03
test-1742.mid,0.75
test-1743.mid,0.05
test-1744.mid,0.02
test-1745.mid,0.03
test-1746.mid,0.73
test-1747.mid,0.06
test-1748.mid,0.62
test-1749.mid,0.02
test-1750.mid,0.21
test-1751.mid,0.03
test-1752.mid,0.45
test-1753.mid,0.03
test-1754.mid,0.03
test-1755.mid,0.64
test-1756.mid,0.03
test-1757.mid,0.75
test-1758.mid,0.03
test-1759.mid,0.03
test-1760.mid,0.02
test-1761.mid,0.03
test-1762.mid,0.65
test-1763.mid,0.66
test-1764.mid,0.03
test-1765.mid,0.02
test-1766.mid,0.04
test-1767.mid,0.36
test-1768.mid,0.14
test-1769.mid,0.78
test-1770.mid,0.04
test-1771.mid,0.68
test-1772.mid,0.04
test-1773.mid,0.03
test-1774.mid,0.02
test-1775.mid,0.04
test-1776.mid,0.04
test-1777.mid,0.77
test-1778.mid,0.15
test-1779.mid,0.03
test-1780.mid,0.71
test-1781.mid,0.66
test-1782.mid,0.47
test-1783.mid,0.03
test-1784.mid,0.03
test-1785.mid,0.02
test-1786.mid,0.58
test-1787.mid,0.39
test-1788.mid,0.03
test-1789.mid,0.71
test-1790.mid,0.03
test-1791.mid,0.02
test-1792.mid,0.74
test-1793.mid,0.47
test-1794.mid,0.03
test-1795.mid,0.03
test-1796.mid,0.13
test-1797.mid,0.54
test-1798.mid,0.03
test-1799.mid,0.73
test-1800.mid,0.05
test-1801.mid,0.03
test-1802.mid,0.04
test-1803.mid,0.61
test-1804.mid,0.66
test-1805.mid,0.29
test-1806.mid,0.07
test-1807.mid,0.07
test-1808.mid,0.15
test-1809.mid,0.03
test-1810.mid,0.73
test-1811.mid,0.05
test-1812.mid,0.03
test-1813.mid,0.05
test-1814.mid,0.03
test-1815.mid,0.03
test-1816.mid,0.1
test-1817.mid,0.03
test-1818.mid,0.02
test-1819.mid,0.72
test-1820.mid,0.04
test-1821.mid,0.74
test-1822.mid,0.04
test-1823.mid,0.02
test-1824.mid,0.04
test-1825.mid,0.02
test-1826.mid,0.73
test-1827.mid,0.57
test-1828.mid,0.02
test-1829.mid,0.03
test-1830.mid,0.03
test-1831.mid,0.52
test-1832.mid,0.04
test-1833.mid,0.38
test-1834.mid,0.04
test-1835.mid,0.03
test-1836.mid,0.03
test-1837.mid,0.36
test-1838.mid,0.03
test-1839.mid,0.75
test-1840.mid,0.05
test-1841.mid,0.02
test-1842.mid,0.72
test-1843.mid,0.7
test-1844.mid,0.03
test-1845.mid,0.25
test-1846.mid,0.28
test-1847.mid,0.03
test-1848.mid,0.04
test-1849.mid,0.03
test-1850.mid,0.02
test-1851.mid,0.03
test-1852.mid,0.68
test-1853.mid,0.75
test-1854.mid,0.21
test-1855.mid,0.03
test-1856.mid,0.74
test-1857.mid,0.04
test-1858.mid,0.79
test-1859.mid,0.66
test-1860.mid,0.48
test-1861.mid,0.44
test-1862.mid,0.02
test-1863.mid,0.04
test-1864.mid,0.03
test-1865.mid,0.69
test-1866.mid,0.79
test-1867.mid,0.05
test-1868.mid,0.69
test-1869.mid,0.02
test-1870.mid,0.56
test-1871.mid,0.04
test-1872.mid,0.14
test-1873.mid,0.14
test-1874.mid,0.76
test-1875.mid,0.14
test-1876.mid,0.56
test-1877.mid,0.02
test-1878.mid,0.02
test-1879.mid,0.05
test-1880.mid,0.03
test-1881.mid,0.71
test-1882.mid,0.05
test-1883.mid,0.73
test-1884.mid,0.05
test-1885.mid,0.29
test-1886.mid,0.67
test-1887.mid,0.05
test-1888.mid,0.72
test-1889.mid,0.03
test-1890.mid,0.08
test-1891.mid,0.66
test-1892.mid,0.03
test-1893.mid,0.04
test-1894.mid,0.05
test-1895.mid,0.06
test-1896.mid,0.03
test-1897.mid,0.02
test-1898.mid,0.03
test-1899.mid,0.04
test-1900.mid,0.24
test-1901.mid,0.5
test-1902.mid,0.04
test-1903.mid,0.03
test-1904.mid,0.03
test-1905.mid,0.04
test-1906.mid,0.03
test-1907.mid,0.03
test-1908.mid,0.61
test-1909.mid,0.32
test-1910.mid,0.03
test-1911.mid,0.03
test-1912.mid,0.03
test-1913.mid,0.03
test-1914.mid,0.04
test-1915.mid,0.03
test-1916.mid,0.71
test-1917.mid,0.03
test-1918.mid,0.75
test-1919.mid,0.76
test-1920.mid,0.62
test-1921.mid,0.03
test-1922.mid,0.38
test-1923.mid,0.53
test-1924.mid,0.77
test-1925.mid,0.68
test-1926.mid,0.05
test-1927.mid,0.02
test-1928.mid,0.03
test-1929.mid,0.22
test-1930.mid,0.56
test-1931.mid,0.22
test-1932.mid,0.02
test-1933.mid,0.03
test-1934.mid,0.61
test-1935.mid,0.06
test-1936.mid,0.66
test-1937.mid,0.58
test-1938.mid,0.02
test-1939.mid,0.03
test-1940.mid,0.03
test-1941.mid,0.03
test-1942.mid,0.03
test-1943.mid,0.71
test-1944.mid,0.03
test-1945.mid,0.03
test-1946.mid,0.12
test-1947.mid,0.03
test-1948.mid,0.03
test-1949.mid,0.74
test-1950.mid,0.03
test-1951.mid,0.03
test-1952.mid,0.22
test-1953.mid,0.66
test-1954.mid,0.03
test-1955.mid,0.03
test-1956.mid,0.71
test-1957.mid,0.03
test-1958.mid,0.02
test-1959.mid,0.03
test-1960.mid,0.36
test-1961.mid,0.58
test-1962.mid,0.03
test-1963.mid,0.69
test-1964.mid,0.03
test-1965.mid,0.23
test-1966.mid,0.31
test-1967.mid,0.02
test-1968.mid,0.08
test-1969.mid,0.03
test-1970.mid,0.41
test-1971.mid,0.02
test-1972.mid,0.03
test-1973.mid,0.16
test-1974.mid,0.03
test-1975.mid,0.02
test-1976.mid,0.61
test-1977.mid,0.71
test-1978.mid,0.09
test-1979.mid,0.55
test-1980.mid,0.04
test-1981.mid,0.02
test-1982.mid,0.03
test-1983.mid,0.24
test-1984.mid,0.03
test-1985.mid,0.02
test-1986.mid,0.7
test-1987.mid,0.48
test-1988.mid,0.02
test-1989.mid,0.76
test-1990.mid,0.27
test-1991.mid,0.72
test-1992.mid,0.72
test-1993.mid,0.03
test-1994.mid,0.04
test-1995.mid,0.03
test-1996.mid,0.04
test-1997.mid,0.11
test-1998.mid,0.03
test-1999.mid,0.02
test-2000.mid,0.02
test-2001.mid,0.74
test-2002.mid,0.02
test-2003.mid,0.02
test-2004.mid,0.55
test-2005.mid,0.69
test-2006.mid,0.03
test-2007.mid,0.02
test-2008.mid,0.03
test-2009.mid,0.03
test-2010.mid,0.03
test-2011.mid,0.74
test-2012.mid,0.04
test-2013.mid,0.02
test-2014.mid,0.5
test-2015.mid,0.72
test-2016.mid,0.02
test-2017.mid,0.05
test-2018.mid,0.17
test-2019.mid,0.05
test-2020.mid,0.13
test-2021.mid,0.66
test-2022.mid,0.12
test-2023.mid,0.44
test-2024.mid,0.09
test-2025.mid,0.7
test-2026.mid,0.05
test-2027.mid,0.03
test-2028.mid,0.03
test-2029.mid,0.03
test-2030.mid,0.25
test-2031.mid,0.2
test-2032.mid,0.03
test-2033.mid,0.51
test-2034.mid,0.03
test-2035.mid,0.02
test-2036.mid,0.02
test-2037.mid,0.03
test-2038.mid,0.04
test-2039.mid,0.09
test-2040.mid,0.02
test-2041.mid,0.04
test-2042.mid,0.08
test-2043.mid,0.64
test-2044.mid,0.02
test-2045.mid,0.07
test-2046.mid,0.03
test-2047.mid,0.72
test-2048.mid,0.03
test-2049.mid,0.07
test-2050.mid,0.05
test-2051.mid,0.77
test-2052.mid,0.34
test-2053.mid,0.04
test-2054.mid,0.61
test-2055.mid,0.45
test-2056.mid,0.68
test-2057.mid,0.03
test-2058.mid,0.04
test-2059.mid,0.03
test-2060.mid,0.03
test-2061.mid,0.03
test-2062.mid,0.73
test-2063.mid,0.59
test-2064.mid,0.59
test-2065.mid,0.61
test-2066.mid,0.06
test-2067.mid,0.03
test-2068.mid,0.71
test-2069.mid,0.78
test-2070.mid,0.06
test-2071.mid,0.66
test-2072.mid,0.02
test-2073.mid,0.73
test-2074.mid,0.03
test-2075.mid,0.68
test-2076.mid,0.03
test-2077.mid,0.04
test-2078.mid,0.67
test-2079.mid,0.04
test-2080.mid,0.03
test-2081.mid,0.03
test-2082.mid,0.23
test-2083.mid,0.77
test-2084.mid,0.05
test-2085.mid,0.03
test-2086.mid,0.72
test-2087.mid,0.03
test-2088.mid,0.03
test-2089.mid,0.03
test-2090.mid,0.03
test-2091.mid,0.75
test-2092.mid,0.04
test-2093.mid,0.03
test-2094.mid,0.69
test-2095.mid,0.03
test-2096.mid,0.02
test-2097.mid,0.13
test-2098.mid,0.04
test-2099.mid,0.03
test-2100.mid,0.46
test-2101.mid,0.03
test-2102.mid,0.78
test-2103.mid,0.03
test-2104.mid,0.03
test-2105.mid,0.4
test-2106.mid,0.75
test-2107.mid,0.08
test-2108.mid,0.08
test-2109.mid,0.12
test-2110.mid,0.02
test-2111.mid,0.36
test-2112.mid,0.03
test-2113.mid,0.43
test-2114.mid,0.03
test-2115.mid,0.03
test-2116.mid,0.03
test-2117.mid,0.02
test-2118.mid,0.78
test-2119.mid,0.03
test-2120.mid,0.04
test-2121.mid,0.02
test-2122.mid,0.03
test-2123.mid,0.04
test-2124.mid,0.08
test-2125.mid,0.75
test-2126.mid,0.03
test-2127.mid,0.03
test-2128.mid,0.44
test-2129.mid,0.75
test-2130.mid,0.03
test-2131.mid,0.02
test-2132.mid,0.05
test-2133.mid,0.16
test-2134.mid,0.03
test-2135.mid,0.06
test-2136.mid,0.54
test-2137.mid,0.04
test-2138.mid,0.65
test-2139.mid,0.06
test-2140.mid,0.05
test-2141.mid,0.57
test-2142.mid,0.05
test-2143.mid,0.11
test-2144.mid,0.03
test-2145.mid,0.03
test-2146.mid,0.72
test-2147.mid,0.02
test-2148.mid,0.52
test-2149.mid,0.03
test-2150.mid,0.03
test-2151.mid,0.02
test-2152.mid,0.03
test-2153.mid,0.07
test-2154.mid,0.76
test-2155.mid,0.04
test-2156.mid,0.03
test-2157.mid,0.05
test-2158.mid,0.08
test-2159.mid,0.78
test-2160.mid,0.03
test-2161.mid,0.03
test-2162.mid,0.03
test-2163.mid,0.03
test-2164.mid,0.73
test-2165.mid,0.74
test-2166.mid,0.03
test-2167.mid,0.07
test-2168.mid,0.03
test-2169.mid,0.07
test-2170.mid,0.78
test-2171.mid,0.02
test-2172.mid,0.04
test-2173.mid,0.03
test-2174.mid,0.02
test-2175.mid,0.03
test-2176.mid,0.76
test-2177.mid,0.02
test-2178.mid,0.46
test-2179.mid,0.06
test-2180.mid,0.03
test-2181.mid,0.03
test-2182.mid,0.1
test-2183.mid,0.04
test-2184.mid,0.03
test-2185.mid,0.04
test-2186.mid,0.03
test-2187.mid,0.03
test-2188.mid,0.04
test-2189.mid,0.02
test-2190.mid,0.06
test-2191.mid,0.03
test-2192.mid,0.03
test-2193.mid,0.04
test-2194.mid,0.03
test-2195.mid,0.05
test-2196.mid,0.03
test-2197.mid,0.02
test-2198.mid,0.02
test-2199.mid,0.03
test-2200.mid,0.03
test-2201.mid,0.03
test-2202.mid,0.76
test-2203.mid,0.02
test-2204.mid,0.78
test-2205.mid,0.74
test-2206.mid,0.45
test-2207.mid,0.61
test-2208.mid,0.36
test-2209.mid,0.03
test-2210.mid,0.03
test-2211.mid,0.02
test-2212.mid,0.12
test-2213.mid,0.15
test-2214.mid,0.05
test-2215.mid,0.64
test-2216.mid,0.42
test-2217.mid,0.04
test-2218.mid,0.03
test-2219.mid,0.03
test-2220.mid,0.03
test-2221.mid,0.2
test-2222.mid,0.75
test-2223.mid,0.02
test-2224.mid,0.02
test-2225.mid,0.03
test-2226.mid,0.03
test-2227.mid,0.03
test-2228.mid,0.75
test-2229.mid,0.76
test-2230.mid,0.07
test-2231.mid,0.02
test-2232.mid,0.16
test-2233.mid,0.04
test-2234.mid,0.02
test-2235.mid,0.04
test-2236.mid,0.03
test-2237.mid,0.02
test-2238.mid,0.03
test-2239.mid,0.02
test-2240.mid,0.75
test-2241.mid,0.03
test-2242.mid,0.14
test-2243.mid,0.02
test-2244.mid,0.07
test-2245.mid,0.03
test-2246.mid,0.03
test-2247.mid,0.55
test-2248.mid,0.02
test-2249.mid,0.77
test-2250.mid,0.41
test-2251.mid,0.06
test-2252.mid,0.03
test-2253.mid,0.04
test-2254.mid,0.04
test-2255.mid,0.03
test-2256.mid,0.02
test-2257.mid,0.02
test-2258.mid,0.03
test-2259.mid,0.02
test-2260.mid,0.03
test-2261.mid,0.02
test-2262.mid,0.03
test-2263.mid,0.03
test-2264.mid,0.04
test-2265.mid,0.03
test-2266.mid,0.02
test-2267.mid,0.02
test-2268.mid,0.03
test-2269.mid,0.03
test-2270.mid,0.03
test-2271.mid,0.76
test-2272.mid,0.02
test-2273.mid,0.42
test-2274.mid,0.05
test-2275.mid,0.03
test-2276.mid,0.02
test-2277.mid,0.02
test-2278.mid,0.03
test-2279.mid,0.58
test-2280.mid,0.02
test-2281.mid,0.04
test-2282.mid,0.02
test-2283.mid,0.25
test-2284.mid,0.75
test-2285.mid,0.75
test-2286.mid,0.04
test-2287.mid,0.75
test-2288.mid,0.04
test-2289.mid,0.66
test-2290.mid,0.02
test-2291.mid,0.03
test-2292.mid,0.04
test-2293.mid,0.74
test-2294.mid,0.75
test-2295.mid,0.03
test-2296.mid,0.74
test-2297.mid,0.03
test-2298.mid,0.03
test-2299.mid,0.03
test-2300.mid,0.07
test-2301.mid,0.03
test-2302.mid,0.04
test-2303.mid,0.04
test-2304.mid,0.7
test-2305.mid,0.1
test-2306.mid,0.76
test-2307.mid,0.71
test-2308.mid,0.63
test-2309.mid,0.05
test-2310.mid,0.02
test-2311.mid,0.03
test-2312.mid,0.04
test-2313.mid,0.09
test-2314.mid,0.02
test-2315.mid,0.11
test-2316.mid,0.03
test-2317.mid,0.04
test-2318.mid,0.7
test-2319.mid,0.69
test-2320.mid,0.03
test-2321.mid,0.74
test-2322.mid,0.69
test-2323.mid,0.02
test-2324.mid,0.07
test-2325.mid,0.77
test-2326.mid,0.5
test-2327.mid,0.77
test-2328.mid,0.06
test-2329.mid,0.03
test-2330.mid,0.66
test-2331.mid,0.63
test-2332.mid,0.18
test-2333.mid,0.04
test-2334.mid,0.02
test-2335.mid,0.03
test-2336.mid,0.03
test-2337.mid,0.77
test-2338.mid,0.03
test-2339.mid,0.04
test-2340.mid,0.02
test-2341.mid,0.56
test-2342.mid,0.71
test-2343.mid,0.71
test-2344.mid,0.03
test-2345.mid,0.28
test-2346.mid,0.03
test-2347.mid,0.03
test-2348.mid,0.73
test-2349.mid,0.02
test-2350.mid,0.59
test-2351.mid,0.16
test-2352.mid,0.05
test-2353.mid,0.03
test-2354.mid,0.45
test-2355.mid,0.03
test-2356.mid,0.54
test-2357.mid,0.03
test-2358.mid,0.64
test-2359.mid,0.03
test-2360.mid,0.03
test-2361.mid,0.73
test-2362.mid,0.03
test-2363.mid,0.05
test-2364.mid,0.06
test-2365.mid,0.04
test-2366.mid,0.05
test-2367.mid,0.17
test-2368.mid,0.07
test-2369.mid,0.74
test-2370.mid,0.03
test-2371.mid,0.03
test-2372.mid,0.02
test-2373.mid,0.02
test-2374.mid,0.03
test-2375.mid,0.02
test-2376.mid,0.03
test-2377.mid,0.7
test-2378.mid,0.04
test-2379.mid,0.04
test-2380.mid,0.72
test-2381.mid,0.03
test-2382.mid,0.03
test-2383.mid,0.03
test-2384.mid,0.04
test-2385.mid,0.04
test-2386.mid,0.74
test-2387.mid,0.14
test-2388.mid,0.07
test-2389.mid,0.04
test-2390.mid,0.06
test-2391.mid,0.03
test-2392.mid,0.02
test-2393.mid,0.03
test-2394.mid,0.02
test-2395.mid,0.37
test-2396.mid,0.16
test-2397.mid,0.74
test-2398.mid,0.03
test-2399.mid,0.03
test-2400.mid,0.63
test-2401.mid,0.03
test-2402.mid,0.03
test-2403.mid,0.03
test-2404.mid,0.65
test-2405.mid,0.06
test-2406.mid,0.04
test-2407.mid,0.11
test-2408.mid,0.03
test-2409.mid,0.53
test-2410.mid,0.03
test-2411.mid,0.4
test-2412.mid,0.69
test-2413.mid,0.03
test-2414.mid,0.05
test-2415.mid,0.03
test-2416.mid,0.3
test-2417.mid,0.03
test-2418.mid,0.05
test-2419.mid,0.1
test-2420.mid,0.03
test-2421.mid,0.03
test-2422.mid,0.03
test-2423.mid,0.03
test-2424.mid,0.05
test-2425.mid,0.02
test-2426.mid,0.05
test-2427.mid,0.69
test-2428.mid,0.02
test-2429.mid,0.66
test-2430.mid,0.11
test-2431.mid,0.5
test-2432.mid,0.03
test-2433.mid,0.75
test-2434.mid,0.38
test-2435.mid,0.04
test-2436.mid,0.09
test-2437.mid,0.03
test-2438.mid,0.03
test-2439.mid,0.68
test-2440.mid,0.41
test-2441.mid,0.57
test-2442.mid,0.03
test-2443.mid,0.74
test-2444.mid,0.03
test-2445.mid,0.03
test-2446.mid,0.03
test-2447.mid,0.71
test-2448.mid,0.03
test-2449.mid,0.03
test-2450.mid,0.03
test-2451.mid,0.02
test-2452.mid,0.04
test-2453.mid,0.04
test-2454.mid,0.04
test-2455.mid,0.03
test-2456.mid,0.64
test-2457.mid,0.03
test-2458.mid,0.69
test-2459.mid,0.03
test-2460.mid,0.02
test-2461.mid,0.52
test-2462.mid,0.04
test-2463.mid,0.53
test-2464.mid,0.03
test-2465.mid,0.05
test-2466.mid,0.7
test-2467.mid,0.04
test-2468.mid,0.08
test-2469.mid,0.03
test-2470.mid,0.58
test-2471.mid,0.7
test-2472.mid,0.1
test-2473.mid,0.03
test-2474.mid,0.56
test-2475.mid,0.04
test-2476.mid,0.54
test-2477.mid,0.02
test-2478.mid,0.02
test-2479.mid,0.02
test-2480.mid,0.28
test-2481.mid,0.03
test-2482.mid,0.47
test-2483.mid,0.18
test-2484.mid,0.03
test-2485.mid,0.4
test-2486.mid,0.03
test-2487.mid,0.03
test-2488.mid,0.5
test-2489.mid,0.27
test-2490.mid,0.04
test-2491.mid,0.03
test-2492.mid,0.38
test-2493.mid,0.04
test-2494.mid,0.09
test-2495.mid,0.3
test-2496.mid,0.03
test-2497.mid,0.39
test-2498.mid,0.43
test-2499.mid,0.03
test-2500.mid,0.03
test-2501.mid,0.06
test-2502.mid,0.71
test-2503.mid,0.06
test-2504.mid,0.03
test-2505.mid,0.03
test-2506.mid,0.03
test-2507.mid,0.02
test-2508.mid,0.2
test-2509.mid,0.73
test-2510.mid,0.75
test-2511.mid,0.04
test-2512.mid,0.53
test-2513.mid,0.03
test-2514.mid,0.03
test-2515.mid,0.04
test-2516.mid,0.03
test-2517.mid,0.46
test-2518.mid,0.03
test-2519.mid,0.03
test-2520.mid,0.48
test-2521.mid,0.03
test-2522.mid,0.04
test-2523.mid,0.03
test-2524.mid,0.02
test-2525.mid,0.03
test-2526.mid,0.19
test-2527.mid,0.02
test-2528.mid,0.02
test-2529.mid,0.04
test-2530.mid,0.04
test-2531.mid,0.03
test-2532.mid,0.74
test-2533.mid,0.03
test-2534.mid,0.03
test-2535.mid,0.74
test-2536.mid,0.05
test-2537.mid,0.48
test-2538.mid,0.04
test-2539.mid,0.64
test-2540.mid,0.76
test-2541.mid,0.03
test-2542.mid,0.03
test-2543.mid,0.03
test-2544.mid,0.03
test-2545.mid,0.04
test-2546.mid,0.02
test-2547.mid,0.03
test-2548.mid,0.56
test-2549.mid,0.02
test-2550.mid,0.15
test-2551.mid,0.03
test-2552.mid,0.06
test-2553.mid,0.71
test-2554.mid,0.7
test-2555.mid,0.04
test-2556.mid,0.02
test-2557.mid,0.05
test-2558.mid,0.07
test-2559.mid,0.03
test-2560.mid,0.3
test-2561.mid,0.07
test-2562.mid,0.03
test-2563.mid,0.05
test-2564.mid,0.06
test-2565.mid,0.02
test-2566.mid,0.04
test-2567.mid,0.04
test-2568.mid,0.04
test-2569.mid,0.03
test-2570.mid,0.75
test-2571.mid,0.03
test-2572.mid,0.05
test-2573.mid,0.11
test-2574.mid,0.7
test-2575.mid,0.03
test-2576.mid,0.62
test-2577.mid,0.02
test-2578.mid,0.02
test-2579.mid,0.03
test-2580.mid,0.03
test-2581.mid,0.03
test-2582.mid,0.14
test-2583.mid,0.54
test-2584.mid,0.64
test-2585.mid,0.06
test-2586.mid,0.37
test-2587.mid,0.07
test-2588.mid,0.04
test-2589.mid,0.73
test-2590.mid,0.72
test-2591.mid,0.04
test-2592.mid,0.07
test-2593.mid,0.69
test-2594.mid,0.62
test-2595.mid,0.02
test-2596.mid,0.02
test-2597.mid,0.03
test-2598.mid,0.05
test-2599.mid,0.04
test-2600.mid,0.67
test-2601.mid,0.68
test-2602.mid,0.6
test-2603.mid,0.44
test-2604.mid,0.03
test-2605.mid,0.03
test-2606.mid,0.03
test-2607.mid,0.03
test-2608.mid,0.74
test-2609.mid,0.46
test-2610.mid,0.02
test-2611.mid,0.03
test-2612.mid,0.04
test-2613.mid,0.03
test-2614.mid,0.62
test-2615.mid,0.03
test-2616.mid,0.03
test-2617.mid,0.2
test-2618.mid,0.04
test-2619.mid,0.03
test-2620.mid,0.73
test-2621.mid,0.04
test-2622.mid,0.78
test-2623.mid,0.04
test-2624.mid,0.04
test-2625.mid,0.03
test-2626.mid,0.03
test-2627.mid,0.04
test-2628.mid,0.06
test-2629.mid,0.02
test-2630.mid,0.02
test-2631.mid,0.03
test-2632.mid,0.18
test-2633.mid,0.66
test-2634.mid,0.03
test-2635.mid,0.03
test-2636.mid,0.03
test-2637.mid,0.66
test-2638.mid,0.03
test-2639.mid,0.03
test-2640.mid,0.25
test-2641.mid,0.65
test-2642.mid,0.14
test-2643.mid,0.02
test-2644.mid,0.06
test-2645.mid,0.03
test-2646.mid,0.04
test-2647.mid,0.04
test-2648.mid,0.04
test-2649.mid,0.03
test-2650.mid,0.69
test-2651.mid,0.02
test-2652.mid,0.15
test-2653.mid,0.03
test-2654.mid,0.58
test-2655.mid,0.03
test-2656.mid,0.62
test-2657.mid,0.03
test-2658.mid,0.65
test-2659.mid,0.02
test-2660.mid,0.73
test-2661.mid,0.02
test-2662.mid,0.7
test-2663.mid,0.03
test-2664.mid,0.17
test-2665.mid,0.03
test-2666.mid,0.06
test-2667.mid,0.03
test-2668.mid,0.03
test-2669.mid,0.03
test-2670.mid,0.03
test-2671.mid,0.04
test-2672.mid,0.03
test-2673.mid,0.03
test-2674.mid,0.03
test-2675.mid,0.03
test-2676.mid,0.11
test-2677.mid,0.77
test-2678.mid,0.47
test-2679.mid,0.03
test-2680.mid,0.11
test-2681.mid,0.05
test-2682.mid,0.05
test-2683.mid,0.03
test-2684.mid,0.03
test-2685.mid,0.02
test-2686.mid,0.27
test-2687.mid,0.03
test-2688.mid,0.03
test-2689.mid,0.03
test-2690.mid,0.16
test-2691.mid,0.45
test-2692.mid,0.72
test-2693.mid,0.09
test-2694.mid,0.62
test-2695.mid,0.03
test-2696.mid,0.03
test-2697.mid,0.74
test-2698.mid,0.05
test-2699.mid,0.03
test-2700.mid,0.03
test-2701.mid,0.73
test-2702.mid,0.06
test-2703.mid,0.55
test-2704.mid,0.03
test-2705.mid,0.73
test-2706.mid,0.03
test-2707.mid,0.05
test-2708.mid,0.05
test-2709.mid,0.04
test-2710.mid,0.03
test-2711.mid,0.05
test-2712.mid,0.43
test-2713.mid,0.65
test-2714.mid,0.03
test-2715.mid,0.03
test-2716.mid,0.05
test-2717.mid,0.75
test-2718.mid,0.03
test-2719.mid,0.03
test-2720.mid,0.02
test-2721.mid,0.04
test-2722.mid,0.02
test-2723.mid,0.62
test-2724.mid,0.02
test-2725.mid,0.65
test-2726.mid,0.02
test-2727.mid,0.03
test-2728.mid,0.03
test-2729.mid,0.04
test-2730.mid,0.76
test-2731.mid,0.02
test-2732.mid,0.28
test-2733.mid,0.03
test-2734.mid,0.76
test-2735.mid,0.06
test-2736.mid,0.03
test-2737.mid,0.13
test-2738.mid,0.08
test-2739.mid,0.04
test-2740.mid,0.03
test-2741.mid,0.74
test-2742.mid,0.03
test-2743.mid,0.71
test-2744.mid,0.03
test-2745.mid,0.33
test-2746.mid,0.02
test-2747.mid,0.71
test-2748.mid,0.03
test-2749.mid,0.72
test-2750.mid,0.05
test-2751.mid,0.09
test-2752.mid,0.02
test-2753.mid,0.7
test-2754.mid,0.03
test-2755.mid,0.67
test-2756.mid,0.03
test-2757.mid,0.02
test-2758.mid,0.62
test-2759.mid,0.74
test-2760.mid,0.03
test-2761.mid,0.03
test-2762.mid,0.67
test-2763.mid,0.02
test-2764.mid,0.03
test-2765.mid,0.04
test-2766.mid,0.67
test-2767.mid,0.03
test-2768.mid,0.66
test-2769.mid,0.04
test-2770.mid,0.03
test-2771.mid,0.11
test-2772.mid,0.55
test-2773.mid,0.06
test-2774.mid,0.03
test-2775.mid,0.03
test-2776.mid,0.04
test-2777.mid,0.76
test-2778.mid,0.03
test-2779.mid,0.03
test-2780.mid,0.03
test-2781.mid,0.03
test-2782.mid,0.7
test-2783.mid,0.04
test-2784.mid,0.09
test-2785.mid,0.58
test-2786.mid,0.04
test-2787.mid,0.28
test-2788.mid,0.03
test-2789.mid,0.02
test-2790.mid,0.03
test-2791.mid,0.03
test-2792.mid,0.04
test-2793.mid,0.05
test-2794.mid,0.46
test-2795.mid,0.68
test-2796.mid,0.77
test-2797.mid,0.04
test-2798.mid,0.03
test-2799.mid,0.03
test-2800.mid,0.65
test-2801.mid,0.71
test-2802.mid,0.03
test-2803.mid,0.57
test-2804.mid,0.03
test-2805.mid,0.21
test-2806.mid,0.36
test-2807.mid,0.71
test-2808.mid,0.03
test-2809.mid,0.04
test-2810.mid,0.76
test-2811.mid,0.71
test-2812.mid,0.03
test-2813.mid,0.04
test-2814.mid,0.08
test-2815.mid,0.03
test-2816.mid,0.04
test-2817.mid,0.66
test-2818.mid,0.07
test-2819.mid,0.02
test-2820.mid,0.76
test-2821.mid,0.03
test-2822.mid,0.54
test-2823.mid,0.03
test-2824.mid,0.75
test-2825.mid,0.04
test-2826.mid,0.68
test-2827.mid,0.25
test-2828.mid,0.03
test-2829.mid,0.71
test-2830.mid,0.04
test-2831.mid,0.03
test-2832.mid,0.28
test-2833.mid,0.03
test-2834.mid,0.03
test-2835.mid,0.02
test-2836.mid,0.03
test-2837.mid,0.02
test-2838.mid,0.78
test-2839.mid,0.04
test-2840.mid,0.03
test-2841.mid,0.06
test-2842.mid,0.65
test-2843.mid,0.74
test-2844.mid,0.03
test-2845.mid,0.04
test-2846.mid,0.59
test-2847.mid,0.03
test-2848.mid,0.02
test-2849.mid,0.69
test-2850.mid,0.02
test-2851.mid,0.04
test-2852.mid,0.03
test-2853.mid,0.03
test-2854.mid,0.04
test-2855.mid,0.5
test-2856.mid,0.03
test-2857.mid,0.03
test-2858.mid,0.26
test-2859.mid,0.03
test-2860.mid,0.03
test-2861.mid,0.03
test-2862.mid,0.02
test-2863.mid,0.03
test-2864.mid,0.04
test-2865.mid,0.03
test-2866.mid,0.03
test-2867.mid,0.7
test-2868.mid,0.04
test-2869.mid,0.64
test-2870.mid,0.6
test-2871.mid,0.03
test-2872.mid,0.03
test-2873.mid,0.03
test-2874.mid,0.03
test-2875.mid,0.02
test-2876.mid,0.08
test-2877.mid,0.04
test-2878.mid,0.03
test-2879.mid,0.56
test-2880.mid,0.03
test-2881.mid,0.04
test-2882.mid,0.73
test-2883.mid,0.03
test-2884.mid,0.04
test-2885.mid,0.02
test-2886.mid,0.02
test-2887.mid,0.02
test-2888.mid,0.03
test-2889.mid,0.03
test-2890.mid,0.44
test-2891.mid,0.06
test-2892.mid,0.03
test-2893.mid,0.03
test-2894.mid,0.03
test-2895.mid,0.03
test-2896.mid,0.68
test-2897.mid,0.76
test-2898.mid,0.38
test-2899.mid,0.03
test-2900.mid,0.04
test-2901.mid,0.03
test-2902.mid,0.03
test-2903.mid,0.04
test-2904.mid,0.04
test-2905.mid,0.04
test-2906.mid,0.02
test-2907.mid,0.09
test-2908.mid,0.25
test-2909.mid,0.71
test-2910.mid,0.03
test-2911.mid,0.49
test-2912.mid,0.6
test-2913.mid,0.52
test-2914.mid,0.66
test-2915.mid,0.04
test-2916.mid,0.03
test-2917.mid,0.47
test-2918.mid,0.03
test-2919.mid,0.28
test-2920.mid,0.02
test-2921.mid,0.04
test-2922.mid,0.03
test-2923.mid,0.02
test-2924.mid,0.66
test-2925.mid,0.76
test-2926.mid,0.7
test-2927.mid,0.03
test-2928.mid,0.03
test-2929.mid,0.66
test-2930.mid,0.03
test-2931.mid,0.04
test-2932.mid,0.75
test-2933.mid,0.74
test-2934.mid,0.03
test-2935.mid,0.24
test-2936.mid,0.04
test-2937.mid,0.57
test-2938.mid,0.04
test-2939.mid,0.02
test-2940.mid,0.03
test-2941.mid,0.56
test-2942.mid,0.03
test-2943.mid,0.06
test-2944.mid,0.05
test-2945.mid,0.03
test-2946.mid,0.03
test-2947.mid,0.03
test-2948.mid,0.05
test-2949.mid,0.7
test-2950.mid,0.03
test-2951.mid,0.03
test-2952.mid,0.03
test-2953.mid,0.02
test-2954.mid,0.03
test-2955.mid,0.02
test-2956.mid,0.78
test-2957.mid,0.03
test-2958.mid,0.03
test-2959.mid,0.3
test-2960.mid,0.49
test-2961.mid,0.03
test-2962.mid,0.04
test-2963.mid,0.03
test-2964.mid,0.71
test-2965.mid,0.73
test-2966.mid,0.06
test-2967.mid,0.03
test-2968.mid,0.03
test-2969.mid,0.03
test-2970.mid,0.04
test-2971.mid,0.08
test-2972.mid,0.03
test-2973.mid,0.42
test-2974.mid,0.05
test-2975.mid,0.7
test-2976.mid,0.06
test-2977.mid,0.03
test-2978.mid,0.02
test-2979.mid,0.04
test-2980.mid,0.03
test-2981.mid,0.03
test-2982.mid,0.03
test-2983.mid,0.04
test-2984.mid,0.03
test-2985.mid,0.02
test-2986.mid,0.57
test-2987.mid,0.02
test-2988.mid,0.11
test-2989.mid,0.03
test-2990.mid,0.03
test-2991.mid,0.03
test-2992.mid,0.02
test-2993.mid,0.03
test-2994.mid,0.04
test-2995.mid,0.73
test-2996.mid,0.05
test-2997.mid,0.71
test-2998.mid,0.02
test-2999.mid,0.02
test-3000.mid,0.04
test-3001.mid,0.44
test-3002.mid,0.04
test-3003.mid,0.16
test-3004.mid,0.68
test-3005.mid,0.04
test-3006.mid,0.02
test-3007.mid,0.03
test-3008.mid,0.64
test-3009.mid,0.03
test-3010.mid,0.02
test-3011.mid,0.42
test-3012.mid,0.77
test-3013.mid,0.03
test-3014.mid,0.03
test-3015.mid,0.75
test-3016.mid,0.03
test-3017.mid,0.66
test-3018.mid,0.03
test-3019.mid,0.04
test-3020.mid,0.02
test-3021.mid,0.02
test-3022.mid,0.7
test-3023.mid,0.72
test-3024.mid,0.03
test-3025.mid,0.4
test-3026.mid,0.03
test-3027.mid,0.02
test-3028.mid,0.03
test-3029.mid,0.73
test-3030.mid,0.69
test-3031.mid,0.04
test-3032.mid,0.72
test-3033.mid,0.03
test-3034.mid,0.03
test-3035.mid,0.7
test-3036.mid,0.03
test-3037.mid,0.71
test-3038.mid,0.02
test-3039.mid,0.05
test-3040.mid,0.57
test-3041.mid,0.03
test-3042.mid,0.03
test-3043.mid,0.03
test-3044.mid,0.07
test-3045.mid,0.03
test-3046.mid,0.04
test-3047.mid,0.03
test-3048.mid,0.03
test-3049.mid,0.03
test-3050.mid,0.03
test-3051.mid,0.65
test-3052.mid,0.6
test-3053.mid,0.02
test-3054.mid,0.02
test-3055.mid,0.03
test-3056.mid,0.03
test-3057.mid,0.57
test-3058.mid,0.02
test-3059.mid,0.03
test-3060.mid,0.03
test-3061.mid,0.75
test-3062.mid,0.16
test-3063.mid,0.02
test-3064.mid,0.12
test-3065.mid,0.36
test-3066.mid,0.06
test-3067.mid,0.03
test-3068.mid,0.05
test-3069.mid,0.04
test-3070.mid,0.03
test-3071.mid,0.72
test-3072.mid,0.04
test-3073.mid,0.31
test-3074.mid,0.03
test-3075.mid,0.03
test-3076.mid,0.03
test-3077.mid,0.66
test-3078.mid,0.6
test-3079.mid,0.04
test-3080.mid,0.05
test-3081.mid,0.03
test-3082.mid,0.03
test-3083.mid,0.04
test-3084.mid,0.03
test-3085.mid,0.03
test-3086.mid,0.74
test-3087.mid,0.2
test-3088.mid,0.02
test-3089.mid,0.67
test-3090.mid,0.03
test-3091.mid,0.03
test-3092.mid,0.03
test-3093.mid,0.49
test-3094.mid,0.73
test-3095.mid,0.55
test-3096.mid,0.03
test-3097.mid,0.02
test-3098.mid,0.04
test-3099.mid,0.46
test-3100.mid,0.77
test-3101.mid,0.03
test-3102.mid,0.66
test-3103.mid,0.03
test-3104.mid,0.03
test-3105.mid,0.03
test-3106.mid,0.03
test-3107.mid,0.59
test-3108.mid,0.03
test-3109.mid,0.02
test-3110.mid,0.52
test-3111.mid,0.03
test-3112.mid,0.03
test-3113.mid,0.76
test-3114.mid,0.04
test-3115.mid,0.03
test-3116.mid,0.62
test-3117.mid,0.04
test-3118.mid,0.03
test-3119.mid,0.37
test-3120.mid,0.06
test-3121.mid,0.04
test-3122.mid,0.03
test-3123.mid,0.03
test-3124.mid,0.03
test-3125.mid,0.03
test-3126.mid,0.03
test-3127.mid,0.03
test-3128.mid,0.35
test-3129.mid,0.67
test-3130.mid,0.61
test-3131.mid,0.02
test-3132.mid,0.54
test-3133.mid,0.03
test-3134.mid,0.03
test-3135.mid,0.09
test-3136.mid,0.42
test-3137.mid,0.03
test-3138.mid,0.03
test-3139.mid,0.03
test-3140.mid,0.73
test-3141.mid,0.69
test-3142.mid,0.03
test-3143.mid,0.03
test-3144.mid,0.47
test-3145.mid,0.03
test-3146.mid,0.64
test-3147.mid,0.71
test-3148.mid,0.17
test-3149.mid,0.57
test-3150.mid,0.51
test-3151.mid,0.02
test-3152.mid,0.02
test-3153.mid,0.06
test-3154.mid,0.04
test-3155.mid,0.73
test-3156.mid,0.24
test-3157.mid,0.18
test-3158.mid,0.03
test-3159.mid,0.73
test-3160.mid,0.02
test-3161.mid,0.03
test-3162.mid,0.03
test-3163.mid,0.72
test-3164.mid,0.78
test-3165.mid,0.25
test-3166.mid,0.19
test-3167.mid,0.03
test-3168.mid,0.04
test-3169.mid,0.08
test-3170.mid,0.7
test-3171.mid,0.03
test-3172.mid,0.74
test-3173.mid,0.63
test-3174.mid,0.02
test-3175.mid,0.04
test-3176.mid,0.03
test-3177.mid,0.04
test-3178.mid,0.64
test-3179.mid,0.04
test-3180.mid,0.03
test-3181.mid,0.03
test-3182.mid,0.02
test-3183.mid,0.03
test-3184.mid,0.71
test-3185.mid,0.2
test-3186.mid,0.23
test-3187.mid,0.02
test-3188.mid,0.05
test-3189.mid,0.03
test-3190.mid,0.61
test-3191.mid,0.04
test-3192.mid,0.04
test-3193.mid,0.04
test-3194.mid,0.26
test-3195.mid,0.05
test-3196.mid,0.03
test-3197.mid,0.58
test-3198.mid,0.72
test-3199.mid,0.03
test-3200.mid,0.05
test-3201.mid,0.76
test-3202.mid,0.59
test-3203.mid,0.54
test-3204.mid,0.03
test-3205.mid,0.02
test-3206.mid,0.7
test-3207.mid,0.64
test-3208.mid,0.71
test-3209.mid,0.7
test-3210.mid,0.67
test-3211.mid,0.03
test-3212.mid,0.02
test-3213.mid,0.04
test-3214.mid,0.17
test-3215.mid,0.04
test-3216.mid,0.04
test-3217.mid,0.65
test-3218.mid,0.03
test-3219.mid,0.5
test-3220.mid,0.64
test-3221.mid,0.51
test-3222.mid,0.56
test-3223.mid,0.46
test-3224.mid,0.17
test-3225.mid,0.04
test-3226.mid,0.75
test-3227.mid,0.04
test-3228.mid,0.54
test-3229.mid,0.61
test-3230.mid,0.02
test-3231.mid,0.07
test-3232.mid,0.21
test-3233.mid,0.56
test-3234.mid,0.03
test-3235.mid,0.67
test-3236.mid,0.74
test-3237.mid,0.4
test-3238.mid,0.77
test-3239.mid,0.03
test-3240.mid,0.02
test-3241.mid,0.75
test-3242.mid,0.08
test-3243.mid,0.66
test-3244.mid,0.61
test-3245.mid,0.03
test-3246.mid,0.04
test-3247.mid,0.65
test-3248.mid,0.02
test-3249.mid,0.75
test-3250.mid,0.05
test-3251.mid,0.04
test-3252.mid,0.03
test-3253.mid,0.03
test-3254.mid,0.73
test-3255.mid,0.03
test-3256.mid,0.02
test-3257.mid,0.03
test-3258.mid,0.76
test-3259.mid,0.03
test-3260.mid,0.06
test-3261.mid,0.04
test-3262.mid,0.68
test-3263.mid,0.56
test-3264.mid,0.69
test-3265.mid,0.03
test-3266.mid,0.63
test-3267.mid,0.78
test-3268.mid,0.02
test-3269.mid,0.03
test-3270.mid,0.04
test-3271.mid,0.03
test-3272.mid,0.15
test-3273.mid,0.38
test-3274.mid,0.03
test-3275.mid,0.04
test-3276.mid,0.48
test-3277.mid,0.78
test-3278.mid,0.06
test-3279.mid,0.25
test-3280.mid,0.03
test-3281.mid,0.51
test-3282.mid,0.04
test-3283.mid,0.4
test-3284.mid,0.03
test-3285.mid,0.03
test-3286.mid,0.03
test-3287.mid,0.75
test-3288.mid,0.03
test-3289.mid,0.02
test-3290.mid,0.07
test-3291.mid,0.04
test-3292.mid,0.71
test-3293.mid,0.02
test-3294.mid,0.6
test-3295.mid,0.65
test-3296.mid,0.52
test-3297.mid,0.06
test-3298.mid,0.03
test-3299.mid,0.04
test-3300.mid,0.03
test-3301.mid,0.03
test-3302.mid,0.03
test-3303.mid,0.03
test-3304.mid,0.04
test-3305.mid,0.72
test-3306.mid,0.06
test-3307.mid,0.02
test-3308.mid,0.03
test-3309.mid,0.03
test-3310.mid,0.77
test-3311.mid,0.05
test-3312.mid,0.05
test-3313.mid,0.08
test-3314.mid,0.03
test-3315.mid,0.51
test-3316.mid,0.03
test-3317.mid,0.03
test-3318.mid,0.75
test-3319.mid,0.03
test-3320.mid,0.03
test-3321.mid,0.75
test-3322.mid,0.02
test-3323.mid,0.03
test-3324.mid,0.03
test-3325.mid,0.41
test-3326.mid,0.03
test-3327.mid,0.77
test-3328.mid,0.38
test-3329.mid,0.49
test-3330.mid,0.03
test-3331.mid,0.06
test-3332.mid,0.55
test-3333.mid,0.58
test-3334.mid,0.64
test-3335.mid,0.02
test-3336.mid,0.02
test-3337.mid,0.03
test-3338.mid,0.03
test-3339.mid,0.07
test-3340.mid,0.05
test-3341.mid,0.03
test-3342.mid,0.76
test-3343.mid,0.04
test-3344.mid,0.03
test-3345.mid,0.04
test-3346.mid,0.39
test-3347.mid,0.03
test-3348.mid,0.13
test-3349.mid,0.04
test-3350.mid,0.05
test-3351.mid,0.78
test-3352.mid,0.03
test-3353.mid,0.03
test-3354.mid,0.27
test-3355.mid,0.02
test-3356.mid,0.03
test-3357.mid,0.57
test-3358.mid,0.03
test-3359.mid,0.47
test-3360.mid,0.02
test-3361.mid,0.02
test-3362.mid,0.02
test-3363.mid,0.04
test-3364.mid,0.08
test-3365.mid,0.02
test-3366.mid,0.68
test-3367.mid,0.77
test-3368.mid,0.03
test-3369.mid,0.02
test-3370.mid,0.03
test-3371.mid,0.13
test-3372.mid,0.7
test-3373.mid,0.45
test-3374.mid,0.55
test-3375.mid,0.03
test-3376.mid,0.16
test-3377.mid,0.77
test-3378.mid,0.03
test-3379.mid,0.71
test-3380.mid,0.57
test-3381.mid,0.68
test-3382.mid,0.04
test-3383.mid,0.09
test-3384.mid,0.06
test-3385.mid,0.03
test-3386.mid,0.03
test-3387.mid,0.03
test-3388.mid,0.12
test-3389.mid,0.3
test-3390.mid,0.68
test-3391.mid,0.65
test-3392.mid,0.03
test-3393.mid,0.77
test-3394.mid,0.18
test-3395.mid,0.03
test-3396.mid,0.02
test-3397.mid,0.04
test-3398.mid,0.05
test-3399.mid,0.03
test-3400.mid,0.03
test-3401.mid,0.62
test-3402.mid,0.04
test-3403.mid,0.68
test-3404.mid,0.04
test-3405.mid,0.03
test-3406.mid,0.72
test-3407.mid,0.15
test-3408.mid,0.06
test-3409.mid,0.62
test-3410.mid,0.73
test-3411.mid,0.03
test-3412.mid,0.04
test-3413.mid,0.09
test-3414.mid,0.04
test-3415.mid,0.03
test-3416.mid,0.03
test-3417.mid,0.74
test-3418.mid,0.03
test-3419.mid,0.03
test-3420.mid,0.04
test-3421.mid,0.03
test-3422.mid,0.03
test-3423.mid,0.34
test-3424.mid,0.71
test-3425.mid,0.03
test-3426.mid,0.08
test-3427.mid,0.61
test-3428.mid,0.74
test-3429.mid,0.03
test-3430.mid,0.02
test-3431.mid,0.04
test-3432.mid,0.03
test-3433.mid,0.77
test-3434.mid,0.05
test-3435.mid,0.03
test-3436.mid,0.12
test-3437.mid,0.02
test-3438.mid,0.02
test-3439.mid,0.03
test-3440.mid,0.02
test-3441.mid,0.03
test-3442.mid,0.76
test-3443.mid,0.05
test-3444.mid,0.02
test-3445.mid,0.03
test-3446.mid,0.03
test-3447.mid,0.03
test-3448.mid,0.02
test-3449.mid,0.03
test-3450.mid,0.03
test-3451.mid,0.05
test-3452.mid,0.03
test-3453.mid,0.6
test-3454.mid,0.03
test-3455.mid,0.72
test-3456.mid,0.65
test-3457.mid,0.03
test-3458.mid,0.75
test-3459.mid,0.06
test-3460.mid,0.03
test-3461.mid,0.03
test-3462.mid,0.03
test-3463.mid,0.1
test-3464.mid,0.48
test-3465.mid,0.03
test-3466.mid,0.03
test-3467.mid,0.03
test-3468.mid,0.05
test-3469.mid,0.65
test-3470.mid,0.03
test-3471.mid,0.78
test-3472.mid,0.03
test-3473.mid,0.57
test-3474.mid,0.03
test-3475.mid,0.02
test-3476.mid,0.02
test-3477.mid,0.03
test-3478.mid,0.03
test-3479.mid,0.03
test-3480.mid,0.03
test-3481.mid,0.78
test-3482.mid,0.09
test-3483.mid,0.03
test-3484.mid,0.76
test-3485.mid,0.05
test-3486.mid,0.03
test-3487.mid,0.06
test-3488.mid,0.03
test-3489.mid,0.04
test-3490.mid,0.69
test-3491.mid,0.03
test-3492.mid,0.12
test-3493.mid,0.03
test-3494.mid,0.76
test-3495.mid,0.03
test-3496.mid,0.02
test-3497.mid,0.18
test-3498.mid,0.02
test-3499.mid,0.03
test-3500.mid,0.05
test-3501.mid,0.67
test-3502.mid,0.04
test-3503.mid,0.03
test-3504.mid,0.67
test-3505.mid,0.03
test-3506.mid,0.03
test-3507.mid,0.03
test-3508.mid,0.03
test-3509.mid,0.04
test-3510.mid,0.05
test-3511.mid,0.08
test-3512.mid,0.14
test-3513.mid,0.03
test-3514.mid,0.02
test-3515.mid,0.53
test-3516.mid,0.03
test-3517.mid,0.28
test-3518.mid,0.18
test-3519.mid,0.03
test-3520.mid,0.73
test-3521.mid,0.75
test-3522.mid,0.04
test-3523.mid,0.03
test-3524.mid,0.75
test-3525.mid,0.52
test-3526.mid,0.78
test-3527.mid,0.03
test-3528.mid,0.02
test-3529.mid,0.72
test-3530.mid,0.55
test-3531.mid,0.7
test-3532.mid,0.04
test-3533.mid,0.73
test-3534.mid,0.66
test-3535.mid,0.04
test-3536.mid,0.03
test-3537.mid,0.04
test-3538.mid,0.58
test-3539.mid,0.69
test-3540.mid,0.05
test-3541.mid,0.63
test-3542.mid,0.03
test-3543.mid,0.03
test-3544.mid,0.04
test-3545.mid,0.03
test-3546.mid,0.02
test-3547.mid,0.05
test-3548.mid,0.02
test-3549.mid,0.03
test-3550.mid,0.03
test-3551.mid,0.03
test-3552.mid,0.78
test-3553.mid,0.04
test-3554.mid,0.04
test-3555.mid,0.65
test-3556.mid,0.03
test-3557.mid,0.02
test-3558.mid,0.06
test-3559.mid,0.69
test-3560.mid,0.25
test-3561.mid,0.61
test-3562.mid,0.63
test-3563.mid,0.04
test-3564.mid,0.03
test-3565.mid,0.03
test-3566.mid,0.03
test-3567.mid,0.05
test-3568.mid,0.77
test-3569.mid,0.03
test-3570.mid,0.02
test-3571.mid,0.05
test-3572.mid,0.03
test-3573.mid,0.04
test-3574.mid,0.75
test-3575.mid,0.03
test-3576.mid,0.07
test-3577.mid,0.03
test-3578.mid,0.02
test-3579.mid,0.03
test-3580.mid,0.04
test-3581.mid,0.03
test-3582.mid,0.03
test-3583.mid,0.04
test-3584.mid,0.66
test-3585.mid,0.55
test-3586.mid,0.07
test-3587.mid,0.03
test-3588.mid,0.05
test-3589.mid,0.05
test-3590.mid,0.03
test-3591.mid,0.03
test-3592.mid,0.03
test-3593.mid,0.75
test-3594.mid,0.03
test-3595.mid,0.02
test-3596.mid,0.03
test-3597.mid,0.02
test-3598.mid,0.57
test-3599.mid,0.03
test-3600.mid,0.04
test-3601.mid,0.7
test-3602.mid,0.45
test-3603.mid,0.03
test-3604.mid,0.05
test-3605.mid,0.04
test-3606.mid,0.32
test-3607.mid,0.03
test-3608.mid,0.04
test-3609.mid,0.62
test-3610.mid,0.02
test-3611.mid,0.02
test-3612.mid,0.71
test-3613.mid,0.03
test-3614.mid,0.03
test-3615.mid,0.03
test-3616.mid,0.62
test-3617.mid,0.07
test-3618.mid,0.05
test-3619.mid,0.78
test-3620.mid,0.16
test-3621.mid,0.03
test-3622.mid,0.02
test-3623.mid,0.03
test-3624.mid,0.58
test-3625.mid,0.57
test-3626.mid,0.09
test-3627.mid,0.04
test-3628.mid,0.03
test-3629.mid,0.09
test-3630.mid,0.03
test-3631.mid,0.05
test-3632.mid,0.09
test-3633.mid,0.03
test-3634.mid,0.03
test-3635.mid,0.02
test-3636.mid,0.06
test-3637.mid,0.02
test-3638.mid,0.05
test-3639.mid,0.46
test-3640.mid,0.03
test-3641.mid,0.03
test-3642.mid,0.02
test-3643.mid,0.74
test-3644.mid,0.03
test-3645.mid,0.03
test-3646.mid,0.04
test-3647.mid,0.09
test-3648.mid,0.65
test-3649.mid,0.03
test-3650.mid,0.73
test-3651.mid,0.06
test-3652.mid,0.03
test-3653.mid,0.03
test-3654.mid,0.03
test-3655.mid,0.04
test-3656.mid,0.76
test-3657.mid,0.05
test-3658.mid,0.06
test-3659.mid,0.02
test-3660.mid,0.42
test-3661.mid,0.73
test-3662.mid,0.6
test-3663.mid,0.02
test-3664.mid,0.03
test-3665.mid,0.04
test-3666.mid,0.56
test-3667.mid,0.55
test-3668.mid,0.08
test-3669.mid,0.02
test-3670.mid,0.1
test-3671.mid,0.73
test-3672.mid,0.03
test-3673.mid,0.03
test-3674.mid,0.03
test-3675.mid,0.58
test-3676.mid,0.76
test-3677.mid,0.23
test-3678.mid,0.04
test-3679.mid,0.03
test-3680.mid,0.04
test-3681.mid,0.72
test-3682.mid,0.03
test-3683.mid,0.72
test-3684.mid,0.62
test-3685.mid,0.73
test-3686.mid,0.03
test-3687.mid,0.03
test-3688.mid,0.04
test-3689.mid,0.7
test-3690.mid,0.03
test-3691.mid,0.05
test-3692.mid,0.03
test-3693.mid,0.03
test-3694.mid,0.15
test-3695.mid,0.19
test-3696.mid,0.03
test-3697.mid,0.06
test-3698.mid,0.04
test-3699.mid,0.03
test-3700.mid,0.03
test-3701.mid,0.05
test-3702.mid,0.03
test-3703.mid,0.02
test-3704.mid,0.58
test-3705.mid,0.03
test-3706.mid,0.03
test-3707.mid,0.03
test-3708.mid,0.05
test-3709.mid,0.03
test-3710.mid,0.12
test-3711.mid,0.55
test-3712.mid,0.04
test-3713.mid,0.62
test-3714.mid,0.03
test-3715.mid,0.55
test-3716.mid,0.03
test-3717.mid,0.03
test-3718.mid,0.03
test-3719.mid,0.03
test-3720.mid,0.21
test-3721.mid,0.03
test-3722.mid,0.25
test-3723.mid,0.03
test-3724.mid,0.03
test-3725.mid,0.1
test-3726.mid,0.76
test-3727.mid,0.03
test-3728.mid,0.03
test-3729.mid,0.08
test-3730.mid,0.03
test-3731.mid,0.58
test-3732.mid,0.06
test-3733.mid,0.03
test-3734.mid,0.03
test-3735.mid,0.41
test-3736.mid,0.04
test-3737.mid,0.03
test-3738.mid,0.03
test-3739.mid,0.03
test-3740.mid,0.06
test-3741.mid,0.76
test-3742.mid,0.04
test-3743.mid,0.03
test-3744.mid,0.02
test-3745.mid,0.02
test-3746.mid,0.41
test-3747.mid,0.03
test-3748.mid,0.63
test-3749.mid,0.02
test-3750.mid,0.03
test-3751.mid,0.04
test-3752.mid,0.02
test-3753.mid,0.25
test-3754.mid,0.03
test-3755.mid,0.02
test-3756.mid,0.11
test-3757.mid,0.03
test-3758.mid,0.03
test-3759.mid,0.77
test-3760.mid,0.02
test-3761.mid,0.75
test-3762.mid,0.03
test-3763.mid,0.61
test-3764.mid,0.04
test-3765.mid,0.65
test-3766.mid,0.15
test-3767.mid,0.25
test-3768.mid,0.69
test-3769.mid,0.08
test-3770.mid,0.03
test-3771.mid,0.75
test-3772.mid,0.05
test-3773.mid,0.03
test-3774.mid,0.03
test-3775.mid,0.02
test-3776.mid,0.71
test-3777.mid,0.62
test-3778.mid,0.05
test-3779.mid,0.03
test-3780.mid,0.03
test-3781.mid,0.03
test-3782.mid,0.05
test-3783.mid,0.7
test-3784.mid,0.77
test-3785.mid,0.06
test-3786.mid,0.54
test-3787.mid,0.03
test-3788.mid,0.54
test-3789.mid,0.59
test-3790.mid,0.72
test-3791.mid,0.02
test-3792.mid,0.03
test-3793.mid,0.23
test-3794.mid,0.03
test-3795.mid,0.68
test-3796.mid,0.03
test-3797.mid,0.77
test-3798.mid,0.04
test-3799.mid,0.03
test-3800.mid,0.1
test-3801.mid,0.72
test-3802.mid,0.03
test-3803.mid,0.03
test-3804.mid,0.02
test-3805.mid,0.03
test-3806.mid,0.75
test-3807.mid,0.07
test-3808.mid,0.03
test-3809.mid,0.11
test-3810.mid,0.03
test-3811.mid,0.67
test-3812.mid,0.78
test-3813.mid,0.66
test-3814.mid,0.57
test-3815.mid,0.6
test-3816.mid,0.78
test-3817.mid,0.03
test-3818.mid,0.04
test-3819.mid,0.04
test-3820.mid,0.04
test-3821.mid,0.73
test-3822.mid,0.03
test-3823.mid,0.66
test-3824.mid,0.03
test-3825.mid,0.03
test-3826.mid,0.52
test-3827.mid,0.03
test-3828.mid,0.04
test-3829.mid,0.04
test-3830.mid,0.03
test-3831.mid,0.04
test-3832.mid,0.07
test-3833.mid,0.05
test-3834.mid,0.05
test-3835.mid,0.02
test-3836.mid,0.03
test-3837.mid,0.03
test-3838.mid,0.03
test-3839.mid,0.04
test-3840.mid,0.03
test-3841.mid,0.04
test-3842.mid,0.02
test-3843.mid,0.03
test-3844.mid,0.03
test-3845.mid,0.08
test-3846.mid,0.21
test-3847.mid,0.05
test-3848.mid,0.03
test-3849.mid,0.02
test-3850.mid,0.09
test-3851.mid,0.02
test-3852.mid,0.04
test-3853.mid,0.03
test-3854.mid,0.05
test-3855.mid,0.05
test-3856.mid,0.75
test-3857.mid,0.76
test-3858.mid,0.03
test-3859.mid,0.09
test-3860.mid,0.59
test-3861.mid,0.6
test-3862.mid,0.02
test-3863.mid,0.04
test-3864.mid,0.03
test-3865.mid,0.03
test-3866.mid,0.03
test-3867.mid,0.03
test-3868.mid,0.02
test-3869.mid,0.71
test-3870.mid,0.03
test-3871.mid,0.03
test-3872.mid,0.03
test-3873.mid,0.03
test-3874.mid,0.42
test-3875.mid,0.02
test-3876.mid,0.72
test-3877.mid,0.03
test-3878.mid,0.54
test-3879.mid,0.65
test-3880.mid,0.59
test-3881.mid,0.02
test-3882.mid,0.03
test-3883.mid,0.2
test-3884.mid,0.03
test-3885.mid,0.03
test-3886.mid,0.02
test-3887.mid,0.03
test-3888.mid,0.14
test-3889.mid,0.77
test-3890.mid,0.03
test-3891.mid,0.06
test-3892.mid,0.76
test-3893.mid,0.73
test-3894.mid,0.21
test-3895.mid,0.04
test-3896.mid,0.73
test-3897.mid,0.04
test-3898.mid,0.04
test-3899.mid,0.03
test-3900.mid,0.13
test-3901.mid,0.03
test-3902.mid,0.03
test-3903.mid,0.73
test-3904.mid,0.02
test-3905.mid,0.03
test-3906.mid,0.61
test-3907.mid,0.03
test-3908.mid,0.03
test-3909.mid,0.04
test-3910.mid,0.04
test-3911.mid,0.19
test-3912.mid,0.64
test-3913.mid,0.56
test-3914.mid,0.12
test-3915.mid,0.03
test-3916.mid,0.05
test-3917.mid,0.03
test-3918.mid,0.72
test-3919.mid,0.21
test-3920.mid,0.03
test-3921.mid,0.45
test-3922.mid,0.74
test-3923.mid,0.05
test-3924.mid,0.03
test-3925.mid,0.03
test-3926.mid,0.06
test-3927.mid,0.52
test-3928.mid,0.75
test-3929.mid,0.03
test-3930.mid,0.04
test-3931.mid,0.03
test-3932.mid,0.67
test-3933.mid,0.5
test-3934.mid,0.04
test-3935.mid,0.04
test-3936.mid,0.04
test-3937.mid,0.28
test-3938.mid,0.03
test-3939.mid,0.68
test-3940.mid,0.03
test-3941.mid,0.09
test-3942.mid,0.03
test-3943.mid,0.72
test-3944.mid,0.69
test-3945.mid,0.03
test-3946.mid,0.03
test-3947.mid,0.04
test-3948.mid,0.36
test-3949.mid,0.26
test-3950.mid,0.03
test-3951.mid,0.03
test-3952.mid,0.03
test-3953.mid,0.03
test-3954.mid,0.48
test-3955.mid,0.03
test-3956.mid,0.63
test-3957.mid,0.61
test-3958.mid,0.03
test-3959.mid,0.03
test-3960.mid,0.03
test-3961.mid,0.44
test-3962.mid,0.03
test-3963.mid,0.04
test-3964.mid,0.2
test-3965.mid,0.77
test-3966.mid,0.5
test-3967.mid,0.04
test-3968.mid,0.7
test-3969.mid,0.77
test-3970.mid,0.11
test-3971.mid,0.63
test-3972.mid,0.09
test-3973.mid,0.03
test-3974.mid,0.36
test-3975.mid,0.03
test-3976.mid,0.06
test-3977.mid,0.02
test-3978.mid,0.33
test-3979.mid,0.02
test-3980.mid,0.52
test-3981.mid,0.03
test-3982.mid,0.04
test-3983.mid,0.1
test-3984.mid,0.75
test-3985.mid,0.04
test-3986.mid,0.08
test-3987.mid,0.02
test-3988.mid,0.02
test-3989.mid,0.13
test-3990.mid,0.58
test-3991.mid,0.66
test-3992.mid,0.69
test-3993.mid,0.73
test-3994.mid,0.19
test-3995.mid,0.6
test-3996.mid,0.03
test-3997.mid,0.09
test-3998.mid,0.03
test-3999.mid,0.03
